simNo10,s100,m1000,h1,minVAF0.005,ISAV0,n300,fp0.001,fn0.05,na0.05,d0,l1000000,fastral_wroot,heron07,1,5m50.952s,5m47.643s,0m18.901s
simNo10,s100,m1000,h1,minVAF0.005,ISAV0,n300,fp0.001,fn0.2,na0.05,d0,l1000000,fastral_wroot,heron08,1,6m58.449s,6m59.373s,0m17.794s
simNo10,s100,m300,h1,minVAF0.005,ISAV0,n1000,fp0.001,fn0.05,na0.05,d0,l1000000,fastral_wroot,heron09,1,160m46.190s,160m51.766s,0m48.918s
simNo10,s100,m300,h1,minVAF0.005,ISAV0,n1000,fp0.001,fn0.2,na0.05,d0,l1000000,fastral_wroot,heron10,1,172m32.449s,172m32.129s,0m49.352s
simNo10,s100,m300,h1,minVAF0.005,ISAV0,n300,fp0.001,fn0.05,na0.05,d0,l1000000,fastral_wroot,heron09,1,3m54.396s,3m57.427s,0m8.946s
simNo10,s100,m300,h1,minVAF0.005,ISAV0,n300,fp0.001,fn0.2,na0.05,d0,l1000000,fastral_wroot,heron10,1,4m22.641s,4m25.059s,0m9.177s
simNo1,s100,m1000,h1,minVAF0.005,ISAV0,n300,fp0.001,fn0.05,na0.05,d0,l1000000,fastral_wroot,heron09,1,5m23.059s,5m23.308s,0m18.591s
simNo1,s100,m1000,h1,minVAF0.005,ISAV0,n300,fp0.001,fn0.2,na0.05,d0,l1000000,fastral_wroot,heron10,1,6m56.425s,6m57.921s,0m18.460s
simNo1,s100,m300,h1,minVAF0.005,ISAV0,n1000,fp0.001,fn0.05,na0.05,d0,l1000000,fastral_wroot,heron11,1,163m15.119s,163m19.612s,0m49.843s
simNo1,s100,m300,h1,minVAF0.005,ISAV0,n1000,fp0.001,fn0.2,na0.05,d0,l1000000,fastral_wroot,heron03,1,174m43.659s,174m51.090s,0m50.220s
simNo1,s100,m300,h1,minVAF0.005,ISAV0,n300,fp0.001,fn0.05,na0.05,d0,l1000000,fastral_wroot,heron03,1,3m59.853s,4m2.985s,0m9.994s
simNo1,s100,m300,h1,minVAF0.005,ISAV0,n300,fp0.001,fn0.2,na0.05,d0,l1000000,fastral_wroot,heron04,1,4m23.972s,4m27.282s,0m9.366s
simNo2,s100,m1000,h1,minVAF0.005,ISAV0,n300,fp0.001,fn0.05,na0.05,d0,l1000000,fastral_wroot,heron11,1,5m29.597s,5m30.432s,0m17.862s
simNo2,s100,m1000,h1,minVAF0.005,ISAV0,n300,fp0.001,fn0.2,na0.05,d0,l1000000,fastral_wroot,heron03,1,6m43.591s,6m46.213s,0m17.394s
simNo2,s100,m300,h1,minVAF0.005,ISAV0,n1000,fp0.001,fn0.05,na0.05,d0,l1000000,fastral_wroot,heron04,1,161m14.881s,161m24.562s,0m51.721s
simNo2,s100,m300,h1,minVAF0.005,ISAV0,n1000,fp0.001,fn0.2,na0.05,d0,l1000000,fastral_wroot,heron05,1,175m54.114s,176m1.983s,0m52.929s
simNo2,s100,m300,h1,minVAF0.005,ISAV0,n300,fp0.001,fn0.05,na0.05,d0,l1000000,fastral_wroot,heron10,1,3m56.685s,4m1.506s,0m9.677s
simNo2,s100,m300,h1,minVAF0.005,ISAV0,n300,fp0.001,fn0.2,na0.05,d0,l1000000,fastral_wroot,heron11,1,4m34.551s,4m37.273s,0m10.488s
simNo3,s100,m1000,h1,minVAF0.005,ISAV0,n300,fp0.001,fn0.05,na0.05,d0,l1000000,fastral_wroot,heron04,1,5m35.810s,5m35.567s,0m17.555s
simNo3,s100,m1000,h1,minVAF0.005,ISAV0,n300,fp0.001,fn0.2,na0.05,d0,l1000000,fastral_wroot,heron05,1,6m51.794s,6m55.603s,0m19.575s
simNo3,s100,m300,h1,minVAF0.005,ISAV0,n1000,fp0.001,fn0.05,na0.05,d0,l1000000,fastral_wroot,heron06,1,280m26.792s,280m40.393s,1m33.431s
simNo3,s100,m300,h1,minVAF0.005,ISAV0,n1000,fp0.001,fn0.2,na0.05,d0,l1000000,fastral_wroot,heron07,1,175m58.277s,176m3.540s,0m51.146s
simNo3,s100,m300,h1,minVAF0.005,ISAV0,n300,fp0.001,fn0.05,na0.05,d0,l1000000,fastral_wroot,heron11,1,4m0.679s,4m6.387s,0m10.211s
simNo3,s100,m300,h1,minVAF0.005,ISAV0,n300,fp0.001,fn0.2,na0.05,d0,l1000000,fastral_wroot,heron03,1,4m37.079s,4m43.235s,0m9.746s
simNo4,s100,m1000,h1,minVAF0.005,ISAV0,n300,fp0.001,fn0.05,na0.05,d0,l1000000,fastral_wroot,heron06,1,10m32.542s,10m32.440s,0m30.468s
simNo4,s100,m1000,h1,minVAF0.005,ISAV0,n300,fp0.001,fn0.2,na0.05,d0,l1000000,fastral_wroot,heron07,1,7m11.421s,7m12.542s,0m18.069s
simNo4,s100,m300,h1,minVAF0.005,ISAV0,n1000,fp0.001,fn0.05,na0.05,d0,l1000000,fastral_wroot,heron08,1,163m48.444s,163m54.218s,0m48.950s
simNo4,s100,m300,h1,minVAF0.005,ISAV0,n1000,fp0.001,fn0.2,na0.05,d0,l1000000,fastral_wroot,heron09,1,177m8.123s,177m10.765s,0m49.691s
simNo4,s100,m300,h1,minVAF0.005,ISAV0,n300,fp0.001,fn0.05,na0.05,d0,l1000000,fastral_wroot,heron04,1,3m57.736s,4m5.742s,0m9.932s
simNo4,s100,m300,h1,minVAF0.005,ISAV0,n300,fp0.001,fn0.2,na0.05,d0,l1000000,fastral_wroot,heron05,1,4m37.459s,4m41.585s,0m9.031s
simNo5,s100,m1000,h1,minVAF0.005,ISAV0,n300,fp0.001,fn0.05,na0.05,d0,l1000000,fastral_wroot,heron08,1,5m44.138s,5m45.586s,0m18.024s
simNo5,s100,m1000,h1,minVAF0.005,ISAV0,n300,fp0.001,fn0.2,na0.05,d0,l1000000,fastral_wroot,heron09,1,7m22.260s,7m22.992s,0m18.889s
simNo5,s100,m300,h1,minVAF0.005,ISAV0,n1000,fp0.001,fn0.05,na0.05,d0,l1000000,fastral_wroot,heron10,1,160m50.966s,161m5.046s,0m49.354s
simNo5,s100,m300,h1,minVAF0.005,ISAV0,n1000,fp0.001,fn0.2,na0.05,d0,l1000000,fastral_wroot,heron11,1,182m25.190s,182m34.255s,0m50.562s
simNo5,s100,m300,h1,minVAF0.005,ISAV0,n300,fp0.001,fn0.05,na0.05,d0,l1000000,fastral_wroot,heron06,1,6m26.715s,6m32.020s,0m16.026s
simNo5,s100,m300,h1,minVAF0.005,ISAV0,n300,fp0.001,fn0.2,na0.05,d0,l1000000,fastral_wroot,heron07,1,4m31.651s,4m38.246s,0m9.816s
simNo6,s100,m1000,h1,minVAF0.005,ISAV0,n300,fp0.001,fn0.05,na0.05,d0,l1000000,fastral_wroot,heron10,1,5m36.968s,5m36.733s,0m18.838s
simNo6,s100,m1000,h1,minVAF0.005,ISAV0,n300,fp0.001,fn0.2,na0.05,d0,l1000000,fastral_wroot,heron11,1,6m52.257s,6m53.495s,0m18.122s
simNo6,s100,m300,h1,minVAF0.005,ISAV0,n1000,fp0.001,fn0.05,na0.05,d0,l1000000,fastral_wroot,heron03,1,163m56.855s,164m5.303s,0m49.764s
simNo6,s100,m300,h1,minVAF0.005,ISAV0,n1000,fp0.001,fn0.2,na0.05,d0,l1000000,fastral_wroot,heron04,1,168m52.724s,169m0.372s,0m51.112s
simNo6,s100,m300,h1,minVAF0.005,ISAV0,n300,fp0.001,fn0.05,na0.05,d0,l1000000,fastral_wroot,heron08,1,4m5.264s,4m10.755s,0m9.730s
simNo6,s100,m300,h1,minVAF0.005,ISAV0,n300,fp0.001,fn0.2,na0.05,d0,l1000000,fastral_wroot,heron09,1,4m35.670s,4m41.083s,0m8.816s
simNo7,s100,m1000,h1,minVAF0.005,ISAV0,n300,fp0.001,fn0.05,na0.05,d0,l1000000,fastral_wroot,heron03,1,5m34.766s,5m37.539s,0m18.204s
simNo7,s100,m1000,h1,minVAF0.005,ISAV0,n300,fp0.001,fn0.2,na0.05,d0,l1000000,fastral_wroot,heron04,1,6m46.439s,6m46.816s,0m18.041s
simNo7,s100,m300,h1,minVAF0.005,ISAV0,n1000,fp0.001,fn0.05,na0.05,d0,l1000000,fastral_wroot,heron05,1,159m58.867s,160m3.558s,0m50.408s
simNo7,s100,m300,h1,minVAF0.005,ISAV0,n1000,fp0.001,fn0.2,na0.05,d0,l1000000,fastral_wroot,heron06,1,305m19.103s,305m35.783s,1m32.120s
simNo7,s100,m300,h1,minVAF0.005,ISAV0,n300,fp0.001,fn0.05,na0.05,d0,l1000000,fastral_wroot,heron10,1,3m57.467s,4m2.251s,0m9.978s
simNo7,s100,m300,h1,minVAF0.005,ISAV0,n300,fp0.001,fn0.2,na0.05,d0,l1000000,fastral_wroot,heron11,1,4m26.444s,4m32.815s,0m9.282s
simNo8,s100,m1000,h1,minVAF0.005,ISAV0,n300,fp0.001,fn0.05,na0.05,d0,l1000000,fastral_wroot,heron05,1,5m37.952s,5m39.183s,0m18.889s
simNo8,s100,m1000,h1,minVAF0.005,ISAV0,n300,fp0.001,fn0.2,na0.05,d0,l1000000,fastral_wroot,heron06,1,13m10.672s,13m14.099s,0m29.533s
simNo8,s100,m300,h1,minVAF0.005,ISAV0,n1000,fp0.001,fn0.05,na0.05,d0,l1000000,fastral_wroot,heron07,1,160m50.562s,161m0.940s,0m50.698s
simNo8,s100,m300,h1,minVAF0.005,ISAV0,n1000,fp0.001,fn0.2,na0.05,d0,l1000000,fastral_wroot,heron08,1,181m6.162s,181m12.252s,0m49.220s
simNo8,s100,m300,h1,minVAF0.005,ISAV0,n300,fp0.001,fn0.05,na0.05,d0,l1000000,fastral_wroot,heron03,1,4m2.914s,4m8.671s,0m9.473s
simNo8,s100,m300,h1,minVAF0.005,ISAV0,n300,fp0.001,fn0.2,na0.05,d0,l1000000,fastral_wroot,heron04,1,4m32.978s,4m39.682s,0m9.690s
simNo9,s100,m1000,h1,minVAF0.005,ISAV0,n300,fp0.001,fn0.05,na0.05,d0,l1000000,fastral_wroot,heron07,1,5m43.862s,5m46.232s,0m18.402s
simNo9,s100,m1000,h1,minVAF0.005,ISAV0,n300,fp0.001,fn0.2,na0.05,d0,l1000000,fastral_wroot,heron08,1,7m18.758s,7m19.064s,0m18.877s
simNo9,s100,m300,h1,minVAF0.005,ISAV0,n1000,fp0.001,fn0.05,na0.05,d0,l1000000,fastral_wroot,heron09,1,165m5.258s,165m12.682s,0m50.429s
simNo9,s100,m300,h1,minVAF0.005,ISAV0,n1000,fp0.001,fn0.2,na0.05,d0,l1000000,fastral_wroot,heron10,1,175m44.540s,175m53.558s,0m53.059s
simNo9,s100,m300,h1,minVAF0.005,ISAV0,n300,fp0.001,fn0.05,na0.05,d0,l1000000,fastral_wroot,heron05,1,3m56.021s,4m2.865s,0m10.218s
simNo9,s100,m300,h1,minVAF0.005,ISAV0,n300,fp0.001,fn0.2,na0.05,d0,l1000000,fastral_wroot,heron06,1,7m40.465s,7m49.854s,0m14.987s
simNo10,s100,m1000,h1,minVAF0.005,ISAV0,n300,fp0.001,fn0.05,na0.05,d0,l1000000,fastme_v2.1.5_wroot,heron07,16,0m2.067s,0m3.917s,0m0.014s
simNo10,s100,m1000,h1,minVAF0.005,ISAV0,n300,fp0.001,fn0.2,na0.05,d0,l1000000,fastme_v2.1.5_wroot,heron08,16,0m2.402s,0m4.194s,0m0.012s
simNo10,s100,m300,h1,minVAF0.005,ISAV0,n1000,fp0.001,fn0.05,na0.05,d0,l1000000,fastme_v2.1.5_wroot,heron09,16,2m17.464s,2m28.107s,0m0.279s
simNo10,s100,m300,h1,minVAF0.005,ISAV0,n1000,fp0.001,fn0.2,na0.05,d0,l1000000,fastme_v2.1.5_wroot,heron10,16,2m18.062s,2m28.857s,0m0.348s
simNo10,s100,m300,h1,minVAF0.005,ISAV0,n300,fp0.001,fn0.05,na0.05,d0,l1000000,fastme_v2.1.5_wroot,heron09,16,0m2.421s,0m3.369s,0m0.022s
simNo10,s100,m300,h1,minVAF0.005,ISAV0,n300,fp0.001,fn0.2,na0.05,d0,l1000000,fastme_v2.1.5_wroot,heron10,16,0m2.404s,0m3.407s,0m0.017s
simNo1,s100,m1000,h1,minVAF0.005,ISAV0,n300,fp0.001,fn0.05,na0.05,d0,l1000000,fastme_v2.1.5_wroot,heron09,16,0m2.020s,0m3.806s,0m0.009s
simNo1,s100,m1000,h1,minVAF0.005,ISAV0,n300,fp0.001,fn0.2,na0.05,d0,l1000000,fastme_v2.1.5_wroot,heron10,16,0m2.321s,0m4.110s,0m0.024s
simNo1,s100,m300,h1,minVAF0.005,ISAV0,n1000,fp0.001,fn0.05,na0.05,d0,l1000000,fastme_v2.1.5_wroot,heron11,16,2m19.190s,2m30.151s,0m0.323s
simNo1,s100,m300,h1,minVAF0.005,ISAV0,n1000,fp0.001,fn0.2,na0.05,d0,l1000000,fastme_v2.1.5_wroot,heron03,16,2m49.888s,3m0.552s,0m0.327s
simNo1,s100,m300,h1,minVAF0.005,ISAV0,n300,fp0.001,fn0.05,na0.05,d0,l1000000,fastme_v2.1.5_wroot,heron03,16,0m1.823s,0m2.799s,0m0.015s
simNo1,s100,m300,h1,minVAF0.005,ISAV0,n300,fp0.001,fn0.2,na0.05,d0,l1000000,fastme_v2.1.5_wroot,heron04,16,0m2.302s,0m3.321s,0m0.010s
simNo2,s100,m1000,h1,minVAF0.005,ISAV0,n300,fp0.001,fn0.05,na0.05,d0,l1000000,fastme_v2.1.5_wroot,heron11,16,0m2.010s,0m3.825s,0m0.032s
simNo2,s100,m1000,h1,minVAF0.005,ISAV0,n300,fp0.001,fn0.2,na0.05,d0,l1000000,fastme_v2.1.5_wroot,heron03,16,0m1.834s,0m3.636s,0m0.012s
simNo2,s100,m300,h1,minVAF0.005,ISAV0,n1000,fp0.001,fn0.05,na0.05,d0,l1000000,fastme_v2.1.5_wroot,heron04,16,2m4.826s,2m16.184s,0m0.266s
simNo2,s100,m300,h1,minVAF0.005,ISAV0,n1000,fp0.001,fn0.2,na0.05,d0,l1000000,fastme_v2.1.5_wroot,heron05,16,2m40.826s,2m51.285s,0m0.407s
simNo2,s100,m300,h1,minVAF0.005,ISAV0,n300,fp0.001,fn0.05,na0.05,d0,l1000000,fastme_v2.1.5_wroot,heron10,16,0m1.607s,0m2.639s,0m0.011s
simNo2,s100,m300,h1,minVAF0.005,ISAV0,n300,fp0.001,fn0.2,na0.05,d0,l1000000,fastme_v2.1.5_wroot,heron11,16,0m2.391s,0m3.357s,0m0.016s
simNo3,s100,m1000,h1,minVAF0.005,ISAV0,n300,fp0.001,fn0.05,na0.05,d0,l1000000,fastme_v2.1.5_wroot,heron04,16,0m1.907s,0m3.763s,0m0.011s
simNo3,s100,m1000,h1,minVAF0.005,ISAV0,n300,fp0.001,fn0.2,na0.05,d0,l1000000,fastme_v2.1.5_wroot,heron05,16,0m2.075s,0m3.911s,0m0.011s
simNo3,s100,m300,h1,minVAF0.005,ISAV0,n1000,fp0.001,fn0.05,na0.05,d0,l1000000,fastme_v2.1.5_wroot,heron06,16,2m20.000s,2m30.808s,0m0.294s
simNo3,s100,m300,h1,minVAF0.005,ISAV0,n1000,fp0.001,fn0.2,na0.05,d0,l1000000,fastme_v2.1.5_wroot,heron07,16,2m4.352s,2m15.499s,0m0.210s
simNo3,s100,m300,h1,minVAF0.005,ISAV0,n300,fp0.001,fn0.05,na0.05,d0,l1000000,fastme_v2.1.5_wroot,heron11,16,0m1.748s,0m2.762s,0m0.024s
simNo3,s100,m300,h1,minVAF0.005,ISAV0,n300,fp0.001,fn0.2,na0.05,d0,l1000000,fastme_v2.1.5_wroot,heron03,16,0m2.404s,0m3.358s,0m0.018s
simNo4,s100,m1000,h1,minVAF0.005,ISAV0,n300,fp0.001,fn0.05,na0.05,d0,l1000000,fastme_v2.1.5_wroot,heron06,16,0m1.960s,0m3.793s,0m0.010s
simNo4,s100,m1000,h1,minVAF0.005,ISAV0,n300,fp0.001,fn0.2,na0.05,d0,l1000000,fastme_v2.1.5_wroot,heron07,16,0m2.517s,0m4.339s,0m0.014s
simNo4,s100,m300,h1,minVAF0.005,ISAV0,n1000,fp0.001,fn0.05,na0.05,d0,l1000000,fastme_v2.1.5_wroot,heron08,16,2m16.241s,2m27.006s,0m0.313s
simNo4,s100,m300,h1,minVAF0.005,ISAV0,n1000,fp0.001,fn0.2,na0.05,d0,l1000000,fastme_v2.1.5_wroot,heron09,16,2m30.368s,2m41.362s,0m0.216s
simNo4,s100,m300,h1,minVAF0.005,ISAV0,n300,fp0.001,fn0.05,na0.05,d0,l1000000,fastme_v2.1.5_wroot,heron04,16,0m1.731s,0m2.744s,0m0.026s
simNo4,s100,m300,h1,minVAF0.005,ISAV0,n300,fp0.001,fn0.2,na0.05,d0,l1000000,fastme_v2.1.5_wroot,heron05,16,0m2.395s,0m3.396s,0m0.039s
simNo5,s100,m1000,h1,minVAF0.005,ISAV0,n300,fp0.001,fn0.05,na0.05,d0,l1000000,fastme_v2.1.5_wroot,heron08,16,0m2.109s,0m3.932s,0m0.018s
simNo5,s100,m1000,h1,minVAF0.005,ISAV0,n300,fp0.001,fn0.2,na0.05,d0,l1000000,fastme_v2.1.5_wroot,heron09,16,0m2.514s,0m4.295s,0m0.030s
simNo5,s100,m300,h1,minVAF0.005,ISAV0,n1000,fp0.001,fn0.05,na0.05,d0,l1000000,fastme_v2.1.5_wroot,heron10,16,2m28.424s,2m39.299s,0m0.281s
simNo5,s100,m300,h1,minVAF0.005,ISAV0,n1000,fp0.001,fn0.2,na0.05,d0,l1000000,fastme_v2.1.5_wroot,heron11,16,2m23.031s,2m33.982s,0m0.315s
simNo5,s100,m300,h1,minVAF0.005,ISAV0,n300,fp0.001,fn0.05,na0.05,d0,l1000000,fastme_v2.1.5_wroot,heron06,16,0m1.950s,0m2.956s,0m0.017s
simNo5,s100,m300,h1,minVAF0.005,ISAV0,n300,fp0.001,fn0.2,na0.05,d0,l1000000,fastme_v2.1.5_wroot,heron07,16,0m2.372s,0m3.376s,0m0.016s
simNo6,s100,m1000,h1,minVAF0.005,ISAV0,n300,fp0.001,fn0.05,na0.05,d0,l1000000,fastme_v2.1.5_wroot,heron10,16,0m1.960s,0m3.807s,0m0.011s
simNo6,s100,m1000,h1,minVAF0.005,ISAV0,n300,fp0.001,fn0.2,na0.05,d0,l1000000,fastme_v2.1.5_wroot,heron11,16,0m2.395s,0m4.192s,0m0.016s
simNo6,s100,m300,h1,minVAF0.005,ISAV0,n1000,fp0.001,fn0.05,na0.05,d0,l1000000,fastme_v2.1.5_wroot,heron03,16,2m11.101s,2m22.070s,0m0.291s
simNo6,s100,m300,h1,minVAF0.005,ISAV0,n1000,fp0.001,fn0.2,na0.05,d0,l1000000,fastme_v2.1.5_wroot,heron04,16,2m19.223s,2m30.211s,0m0.263s
simNo6,s100,m300,h1,minVAF0.005,ISAV0,n300,fp0.001,fn0.05,na0.05,d0,l1000000,fastme_v2.1.5_wroot,heron08,16,0m2.318s,0m3.264s,0m0.016s
simNo6,s100,m300,h1,minVAF0.005,ISAV0,n300,fp0.001,fn0.2,na0.05,d0,l1000000,fastme_v2.1.5_wroot,heron09,16,0m2.157s,0m3.170s,0m0.020s
simNo7,s100,m1000,h1,minVAF0.005,ISAV0,n300,fp0.001,fn0.05,na0.05,d0,l1000000,fastme_v2.1.5_wroot,heron03,16,0m2.025s,0m3.855s,0m0.011s
simNo7,s100,m1000,h1,minVAF0.005,ISAV0,n300,fp0.001,fn0.2,na0.05,d0,l1000000,fastme_v2.1.5_wroot,heron04,16,0m1.916s,0m3.700s,0m0.016s
simNo7,s100,m300,h1,minVAF0.005,ISAV0,n1000,fp0.001,fn0.05,na0.05,d0,l1000000,fastme_v2.1.5_wroot,heron05,16,2m15.563s,2m26.539s,0m0.291s
simNo7,s100,m300,h1,minVAF0.005,ISAV0,n1000,fp0.001,fn0.2,na0.05,d0,l1000000,fastme_v2.1.5_wroot,heron06,16,2m44.280s,2m55.544s,0m0.344s
simNo7,s100,m300,h1,minVAF0.005,ISAV0,n300,fp0.001,fn0.05,na0.05,d0,l1000000,fastme_v2.1.5_wroot,heron10,16,0m2.000s,0m2.957s,0m0.013s
simNo7,s100,m300,h1,minVAF0.005,ISAV0,n300,fp0.001,fn0.2,na0.05,d0,l1000000,fastme_v2.1.5_wroot,heron11,16,0m2.115s,0m3.143s,0m0.014s
simNo8,s100,m1000,h1,minVAF0.005,ISAV0,n300,fp0.001,fn0.05,na0.05,d0,l1000000,fastme_v2.1.5_wroot,heron05,16,0m2.295s,0m4.139s,0m0.014s
simNo8,s100,m1000,h1,minVAF0.005,ISAV0,n300,fp0.001,fn0.2,na0.05,d0,l1000000,fastme_v2.1.5_wroot,heron06,16,0m2.188s,0m3.914s,0m0.047s
simNo8,s100,m300,h1,minVAF0.005,ISAV0,n1000,fp0.001,fn0.05,na0.05,d0,l1000000,fastme_v2.1.5_wroot,heron07,16,2m11.699s,2m22.676s,0m0.303s
simNo8,s100,m300,h1,minVAF0.005,ISAV0,n1000,fp0.001,fn0.2,na0.05,d0,l1000000,fastme_v2.1.5_wroot,heron08,16,2m40.822s,2m51.762s,0m0.272s
simNo8,s100,m300,h1,minVAF0.005,ISAV0,n300,fp0.001,fn0.05,na0.05,d0,l1000000,fastme_v2.1.5_wroot,heron03,16,0m2.035s,0m3.059s,0m0.012s
simNo8,s100,m300,h1,minVAF0.005,ISAV0,n300,fp0.001,fn0.2,na0.05,d0,l1000000,fastme_v2.1.5_wroot,heron04,16,0m2.842s,0m3.836s,0m0.015s
simNo9,s100,m1000,h1,minVAF0.005,ISAV0,n300,fp0.001,fn0.05,na0.05,d0,l1000000,fastme_v2.1.5_wroot,heron07,16,0m1.933s,0m3.693s,0m0.025s
simNo9,s100,m1000,h1,minVAF0.005,ISAV0,n300,fp0.001,fn0.2,na0.05,d0,l1000000,fastme_v2.1.5_wroot,heron08,16,0m2.074s,0m3.834s,0m0.019s
simNo9,s100,m300,h1,minVAF0.005,ISAV0,n1000,fp0.001,fn0.05,na0.05,d0,l1000000,fastme_v2.1.5_wroot,heron09,16,2m12.942s,2m24.021s,0m0.303s
simNo9,s100,m300,h1,minVAF0.005,ISAV0,n1000,fp0.001,fn0.2,na0.05,d0,l1000000,fastme_v2.1.5_wroot,heron10,16,2m36.016s,2m47.295s,0m0.287s
simNo9,s100,m300,h1,minVAF0.005,ISAV0,n300,fp0.001,fn0.05,na0.05,d0,l1000000,fastme_v2.1.5_wroot,heron05,16,0m1.910s,0m2.938s,0m0.013s
simNo9,s100,m300,h1,minVAF0.005,ISAV0,n300,fp0.001,fn0.2,na0.05,d0,l1000000,fastme_v2.1.5_wroot,heron06,16,0m2.708s,0m3.694s,0m0.014s
simNo10,s100,m1000,h1,minVAF0.005,ISAV0,n300,fp0.001,fn0.05,na0.05,d0,l1000000,huntress_v0.1.2.0_default,heron07,16,27m3.507s,400m43.794s,0m44.743s
simNo10,s100,m1000,h1,minVAF0.005,ISAV0,n300,fp0.001,fn0.2,na0.05,d0,l1000000,huntress_v0.1.2.0_default,heron08,16,24m49.831s,362m2.630s,0m31.354s
simNo10,s100,m300,h1,minVAF0.005,ISAV0,n1000,fp0.001,fn0.05,na0.05,d0,l1000000,huntress_v0.1.2.0_default,heron09,16,3m16.921s,42m30.043s,0m17.234s
simNo10,s100,m300,h1,minVAF0.005,ISAV0,n1000,fp0.001,fn0.2,na0.05,d0,l1000000,huntress_v0.1.2.0_default,heron10,16,3m16.325s,41m58.059s,0m16.616s
simNo10,s100,m300,h1,minVAF0.005,ISAV0,n300,fp0.001,fn0.05,na0.05,d0,l1000000,huntress_v0.1.2.0_default,heron09,16,2m8.872s,30m37.198s,0m7.296s
simNo10,s100,m300,h1,minVAF0.005,ISAV0,n300,fp0.001,fn0.2,na0.05,d0,l1000000,huntress_v0.1.2.0_default,heron10,16,2m1.560s,28m40.951s,0m8.476s
simNo1,s100,m1000,h1,minVAF0.005,ISAV0,n300,fp0.001,fn0.05,na0.05,d0,l1000000,huntress_v0.1.2.0_default,heron09,16,26m1.294s,380m36.431s,0m46.483s
simNo1,s100,m1000,h1,minVAF0.005,ISAV0,n300,fp0.001,fn0.2,na0.05,d0,l1000000,huntress_v0.1.2.0_default,heron10,16,23m40.175s,348m35.081s,0m41.356s
simNo1,s100,m300,h1,minVAF0.005,ISAV0,n1000,fp0.001,fn0.05,na0.05,d0,l1000000,huntress_v0.1.2.0_default,heron11,16,3m17.331s,42m10.568s,0m14.786s
simNo1,s100,m300,h1,minVAF0.005,ISAV0,n1000,fp0.001,fn0.2,na0.05,d0,l1000000,huntress_v0.1.2.0_default,heron03,16,3m18.340s,40m44.041s,0m17.659s
simNo1,s100,m300,h1,minVAF0.005,ISAV0,n300,fp0.001,fn0.05,na0.05,d0,l1000000,huntress_v0.1.2.0_default,heron03,16,2m4.901s,29m24.223s,0m6.396s
simNo1,s100,m300,h1,minVAF0.005,ISAV0,n300,fp0.001,fn0.2,na0.05,d0,l1000000,huntress_v0.1.2.0_default,heron04,16,1m59.003s,28m11.974s,0m6.814s
simNo2,s100,m1000,h1,minVAF0.005,ISAV0,n300,fp0.001,fn0.05,na0.05,d0,l1000000,huntress_v0.1.2.0_default,heron11,16,24m21.531s,361m5.308s,0m34.448s
simNo2,s100,m1000,h1,minVAF0.005,ISAV0,n300,fp0.001,fn0.2,na0.05,d0,l1000000,huntress_v0.1.2.0_default,heron03,16,25m15.762s,370m11.283s,0m36.028s
simNo2,s100,m300,h1,minVAF0.005,ISAV0,n1000,fp0.001,fn0.05,na0.05,d0,l1000000,huntress_v0.1.2.0_default,heron04,16,3m7.681s,40m1.602s,0m13.896s
simNo2,s100,m300,h1,minVAF0.005,ISAV0,n1000,fp0.001,fn0.2,na0.05,d0,l1000000,huntress_v0.1.2.0_default,heron05,16,3m7.529s,40m5.994s,0m14.790s
simNo2,s100,m300,h1,minVAF0.005,ISAV0,n300,fp0.001,fn0.05,na0.05,d0,l1000000,huntress_v0.1.2.0_default,heron10,16,2m36.192s,37m34.903s,0m7.743s
simNo2,s100,m300,h1,minVAF0.005,ISAV0,n300,fp0.001,fn0.2,na0.05,d0,l1000000,huntress_v0.1.2.0_default,heron11,16,2m15.482s,31m58.061s,0m7.670s
simNo3,s100,m1000,h1,minVAF0.005,ISAV0,n300,fp0.001,fn0.05,na0.05,d0,l1000000,huntress_v0.1.2.0_default,heron04,16,26m48.046s,391m56.952s,0m44.245s
simNo3,s100,m1000,h1,minVAF0.005,ISAV0,n300,fp0.001,fn0.2,na0.05,d0,l1000000,huntress_v0.1.2.0_default,heron05,16,25m10.245s,369m49.217s,0m47.298s
simNo3,s100,m300,h1,minVAF0.005,ISAV0,n1000,fp0.001,fn0.05,na0.05,d0,l1000000,huntress_v0.1.2.0_default,heron06,16,3m19.591s,43m11.204s,0m17.393s
simNo3,s100,m300,h1,minVAF0.005,ISAV0,n1000,fp0.001,fn0.2,na0.05,d0,l1000000,huntress_v0.1.2.0_default,heron07,16,3m11.221s,40m53.286s,0m16.816s
simNo3,s100,m300,h1,minVAF0.005,ISAV0,n300,fp0.001,fn0.05,na0.05,d0,l1000000,huntress_v0.1.2.0_default,heron11,16,2m22.269s,34m46.525s,0m7.708s
simNo3,s100,m300,h1,minVAF0.005,ISAV0,n300,fp0.001,fn0.2,na0.05,d0,l1000000,huntress_v0.1.2.0_default,heron03,16,2m0.269s,28m54.577s,0m7.672s
simNo4,s100,m1000,h1,minVAF0.005,ISAV0,n300,fp0.001,fn0.05,na0.05,d0,l1000000,huntress_v0.1.2.0_default,heron06,16,25m14.249s,373m33.874s,0m46.232s
simNo4,s100,m1000,h1,minVAF0.005,ISAV0,n300,fp0.001,fn0.2,na0.05,d0,l1000000,huntress_v0.1.2.0_default,heron07,16,29m29.221s,430m25.949s,0m48.750s
simNo4,s100,m300,h1,minVAF0.005,ISAV0,n1000,fp0.001,fn0.05,na0.05,d0,l1000000,huntress_v0.1.2.0_default,heron08,16,2m58.651s,38m27.800s,0m14.708s
simNo4,s100,m300,h1,minVAF0.005,ISAV0,n1000,fp0.001,fn0.2,na0.05,d0,l1000000,huntress_v0.1.2.0_default,heron09,16,2m56.988s,37m37.899s,0m15.320s
simNo4,s100,m300,h1,minVAF0.005,ISAV0,n300,fp0.001,fn0.05,na0.05,d0,l1000000,huntress_v0.1.2.0_default,heron04,16,2m5.860s,30m27.776s,0m7.266s
simNo4,s100,m300,h1,minVAF0.005,ISAV0,n300,fp0.001,fn0.2,na0.05,d0,l1000000,huntress_v0.1.2.0_default,heron05,16,1m59.890s,29m5.354s,0m6.826s
simNo5,s100,m1000,h1,minVAF0.005,ISAV0,n300,fp0.001,fn0.05,na0.05,d0,l1000000,huntress_v0.1.2.0_default,heron08,16,23m45.272s,348m19.358s,0m32.241s
simNo5,s100,m1000,h1,minVAF0.005,ISAV0,n300,fp0.001,fn0.2,na0.05,d0,l1000000,huntress_v0.1.2.0_default,heron09,16,24m44.284s,356m49.864s,0m45.136s
simNo5,s100,m300,h1,minVAF0.005,ISAV0,n1000,fp0.001,fn0.05,na0.05,d0,l1000000,huntress_v0.1.2.0_default,heron10,16,3m1.676s,38m14.186s,0m16.404s
simNo5,s100,m300,h1,minVAF0.005,ISAV0,n1000,fp0.001,fn0.2,na0.05,d0,l1000000,huntress_v0.1.2.0_default,heron11,16,2m54.035s,37m32.030s,0m13.685s
simNo5,s100,m300,h1,minVAF0.005,ISAV0,n300,fp0.001,fn0.05,na0.05,d0,l1000000,huntress_v0.1.2.0_default,heron06,16,2m18.095s,33m32.428s,0m7.318s
simNo5,s100,m300,h1,minVAF0.005,ISAV0,n300,fp0.001,fn0.2,na0.05,d0,l1000000,huntress_v0.1.2.0_default,heron07,16,2m9.586s,30m53.574s,0m9.420s
simNo6,s100,m1000,h1,minVAF0.005,ISAV0,n300,fp0.001,fn0.05,na0.05,d0,l1000000,huntress_v0.1.2.0_default,heron10,16,26m44.451s,391m16.625s,0m44.090s
simNo6,s100,m1000,h1,minVAF0.005,ISAV0,n300,fp0.001,fn0.2,na0.05,d0,l1000000,huntress_v0.1.2.0_default,heron11,16,21m38.680s,315m42.465s,0m37.595s
simNo6,s100,m300,h1,minVAF0.005,ISAV0,n1000,fp0.001,fn0.05,na0.05,d0,l1000000,huntress_v0.1.2.0_default,heron03,16,2m56.126s,37m57.053s,0m10.956s
simNo6,s100,m300,h1,minVAF0.005,ISAV0,n1000,fp0.001,fn0.2,na0.05,d0,l1000000,huntress_v0.1.2.0_default,heron04,16,3m13.145s,41m15.919s,0m15.820s
simNo6,s100,m300,h1,minVAF0.005,ISAV0,n300,fp0.001,fn0.05,na0.05,d0,l1000000,huntress_v0.1.2.0_default,heron08,16,2m5.133s,30m6.101s,0m8.336s
simNo6,s100,m300,h1,minVAF0.005,ISAV0,n300,fp0.001,fn0.2,na0.05,d0,l1000000,huntress_v0.1.2.0_default,heron09,16,2m10.385s,31m29.506s,0m6.453s
simNo7,s100,m1000,h1,minVAF0.005,ISAV0,n300,fp0.001,fn0.05,na0.05,d0,l1000000,huntress_v0.1.2.0_default,heron03,16,24m18.452s,358m55.905s,0m42.390s
simNo7,s100,m1000,h1,minVAF0.005,ISAV0,n300,fp0.001,fn0.2,na0.05,d0,l1000000,huntress_v0.1.2.0_default,heron04,16,24m23.527s,357m26.525s,0m40.498s
simNo7,s100,m300,h1,minVAF0.005,ISAV0,n1000,fp0.001,fn0.05,na0.05,d0,l1000000,huntress_v0.1.2.0_default,heron05,16,3m13.646s,40m51.591s,0m15.628s
simNo7,s100,m300,h1,minVAF0.005,ISAV0,n1000,fp0.001,fn0.2,na0.05,d0,l1000000,huntress_v0.1.2.0_default,heron06,16,3m18.953s,37m43.715s,0m20.409s
simNo7,s100,m300,h1,minVAF0.005,ISAV0,n300,fp0.001,fn0.05,na0.05,d0,l1000000,huntress_v0.1.2.0_default,heron10,16,2m12.314s,31m38.858s,0m8.092s
simNo7,s100,m300,h1,minVAF0.005,ISAV0,n300,fp0.001,fn0.2,na0.05,d0,l1000000,huntress_v0.1.2.0_default,heron11,16,1m58.354s,28m27.489s,0m7.561s
simNo8,s100,m1000,h1,minVAF0.005,ISAV0,n300,fp0.001,fn0.05,na0.05,d0,l1000000,huntress_v0.1.2.0_default,heron05,16,29m9.837s,429m16.819s,0m48.393s
simNo8,s100,m1000,h1,minVAF0.005,ISAV0,n300,fp0.001,fn0.2,na0.05,d0,l1000000,huntress_v0.1.2.0_default,heron06,16,24m16.166s,350m32.585s,0m41.311s
simNo8,s100,m300,h1,minVAF0.005,ISAV0,n1000,fp0.001,fn0.05,na0.05,d0,l1000000,huntress_v0.1.2.0_default,heron07,16,3m7.870s,40m13.682s,0m14.977s
simNo8,s100,m300,h1,minVAF0.005,ISAV0,n1000,fp0.001,fn0.2,na0.05,d0,l1000000,huntress_v0.1.2.0_default,heron08,16,3m9.436s,39m50.237s,0m11.389s
simNo8,s100,m300,h1,minVAF0.005,ISAV0,n300,fp0.001,fn0.05,na0.05,d0,l1000000,huntress_v0.1.2.0_default,heron03,16,2m11.996s,32m6.479s,0m6.896s
simNo8,s100,m300,h1,minVAF0.005,ISAV0,n300,fp0.001,fn0.2,na0.05,d0,l1000000,huntress_v0.1.2.0_default,heron04,16,1m55.827s,27m47.716s,0m6.551s
simNo9,s100,m1000,h1,minVAF0.005,ISAV0,n300,fp0.001,fn0.05,na0.05,d0,l1000000,huntress_v0.1.2.0_default,heron07,16,25m3.670s,370m52.683s,0m37.104s
simNo9,s100,m1000,h1,minVAF0.005,ISAV0,n300,fp0.001,fn0.2,na0.05,d0,l1000000,huntress_v0.1.2.0_default,heron08,16,23m34.252s,341m27.384s,0m42.258s
simNo9,s100,m300,h1,minVAF0.005,ISAV0,n1000,fp0.001,fn0.05,na0.05,d0,l1000000,huntress_v0.1.2.0_default,heron09,16,3m15.941s,42m25.691s,0m16.428s
simNo9,s100,m300,h1,minVAF0.005,ISAV0,n1000,fp0.001,fn0.2,na0.05,d0,l1000000,huntress_v0.1.2.0_default,heron10,16,3m13.089s,39m10.241s,0m17.784s
simNo9,s100,m300,h1,minVAF0.005,ISAV0,n300,fp0.001,fn0.05,na0.05,d0,l1000000,huntress_v0.1.2.0_default,heron05,16,2m20.773s,33m44.278s,0m8.628s
simNo9,s100,m300,h1,minVAF0.005,ISAV0,n300,fp0.001,fn0.2,na0.05,d0,l1000000,huntress_v0.1.2.0_default,heron06,16,1m59.366s,28m51.557s,0m8.573s
simNo10,s100,m1000,h1,minVAF0.005,ISAV0,n300,fp0.001,fn0.05,na0.05,d0,l1000000,scistree_v1.2.0.6,heron07,1,24m37.819s,24m37.489s,0m0.213s
simNo10,s100,m1000,h1,minVAF0.005,ISAV0,n300,fp0.001,fn0.2,na0.05,d0,l1000000,scistree_v1.2.0.6,heron08,1,54m32.308s,54m31.820s,0m0.392s
simNo10,s100,m300,h1,minVAF0.005,ISAV0,n1000,fp0.001,fn0.05,na0.05,d0,l1000000,scistree_v1.2.0.6,heron09,1,148m1.936s,148m0.046s,0m1.557s
simNo10,s100,m300,h1,minVAF0.005,ISAV0,n1000,fp0.001,fn0.2,na0.05,d0,l1000000,scistree_v1.2.0.6,heron10,1,713m7.631s,713m0.953s,0m6.241s
simNo10,s100,m300,h1,minVAF0.005,ISAV0,n300,fp0.001,fn0.05,na0.05,d0,l1000000,scistree_v1.2.0.6,heron09,1,5m23.958s,5m23.803s,0m0.112s
simNo10,s100,m300,h1,minVAF0.005,ISAV0,n300,fp0.001,fn0.2,na0.05,d0,l1000000,scistree_v1.2.0.6,heron10,1,14m11.534s,14m11.206s,0m0.233s
simNo1,s100,m1000,h1,minVAF0.005,ISAV0,n300,fp0.001,fn0.05,na0.05,d0,l1000000,scistree_v1.2.0.6,heron09,1,24m47.900s,24m47.626s,0m0.150s
simNo1,s100,m1000,h1,minVAF0.005,ISAV0,n300,fp0.001,fn0.2,na0.05,d0,l1000000,scistree_v1.2.0.6,heron10,1,51m7.236s,51m6.899s,0m0.243s
simNo1,s100,m300,h1,minVAF0.005,ISAV0,n1000,fp0.001,fn0.05,na0.05,d0,l1000000,scistree_v1.2.0.6,heron11,1,226m53.795s,226m51.941s,0m2.155s
simNo1,s100,m300,h1,minVAF0.005,ISAV0,n1000,fp0.001,fn0.2,na0.05,d0,l1000000,scistree_v1.2.0.6,heron03,1,787m38.160s,787m32.486s,0m6.455s
simNo1,s100,m300,h1,minVAF0.005,ISAV0,n300,fp0.001,fn0.05,na0.05,d0,l1000000,scistree_v1.2.0.6,heron03,1,8m7.878s,8m7.659s,0m0.185s
simNo1,s100,m300,h1,minVAF0.005,ISAV0,n300,fp0.001,fn0.2,na0.05,d0,l1000000,scistree_v1.2.0.6,heron04,1,19m35.913s,19m35.673s,0m0.254s
simNo2,s100,m1000,h1,minVAF0.005,ISAV0,n300,fp0.001,fn0.05,na0.05,d0,l1000000,scistree_v1.2.0.6,heron11,1,24m57.935s,24m57.695s,0m0.238s
simNo2,s100,m1000,h1,minVAF0.005,ISAV0,n300,fp0.001,fn0.2,na0.05,d0,l1000000,scistree_v1.2.0.6,heron03,1,46m7.589s,46m7.282s,0m0.294s
simNo2,s100,m300,h1,minVAF0.005,ISAV0,n1000,fp0.001,fn0.05,na0.05,d0,l1000000,scistree_v1.2.0.6,heron04,1,347m3.470s,347m1.122s,0m3.955s
simNo2,s100,m300,h1,minVAF0.005,ISAV0,n1000,fp0.001,fn0.2,na0.05,d0,l1000000,scistree_v1.2.0.6,heron05,1,908m59.963s,908m48.632s,0m11.322s
simNo2,s100,m300,h1,minVAF0.005,ISAV0,n300,fp0.001,fn0.05,na0.05,d0,l1000000,scistree_v1.2.0.6,heron10,1,7m36.995s,7m36.555s,0m0.115s
simNo2,s100,m300,h1,minVAF0.005,ISAV0,n300,fp0.001,fn0.2,na0.05,d0,l1000000,scistree_v1.2.0.6,heron11,1,20m36.763s,20m36.453s,0m0.258s
simNo3,s100,m1000,h1,minVAF0.005,ISAV0,n300,fp0.001,fn0.05,na0.05,d0,l1000000,scistree_v1.2.0.6,heron04,1,15m59.091s,15m59.010s,0m0.104s
simNo3,s100,m1000,h1,minVAF0.005,ISAV0,n300,fp0.001,fn0.2,na0.05,d0,l1000000,scistree_v1.2.0.6,heron05,1,42m11.888s,42m11.475s,0m0.295s
simNo3,s100,m300,h1,minVAF0.005,ISAV0,n1000,fp0.001,fn0.05,na0.05,d0,l1000000,scistree_v1.2.0.6,heron06,1,176m9.883s,176m8.259s,0m1.322s
simNo3,s100,m300,h1,minVAF0.005,ISAV0,n1000,fp0.001,fn0.2,na0.05,d0,l1000000,scistree_v1.2.0.6,heron07,1,619m2.189s,618m51.453s,0m9.626s
simNo3,s100,m300,h1,minVAF0.005,ISAV0,n300,fp0.001,fn0.05,na0.05,d0,l1000000,scistree_v1.2.0.6,heron11,1,4m22.687s,4m22.582s,0m0.080s
simNo3,s100,m300,h1,minVAF0.005,ISAV0,n300,fp0.001,fn0.2,na0.05,d0,l1000000,scistree_v1.2.0.6,heron03,1,11m57.572s,11m57.223s,0m0.265s
simNo4,s100,m1000,h1,minVAF0.005,ISAV0,n300,fp0.001,fn0.05,na0.05,d0,l1000000,scistree_v1.2.0.6,heron06,1,21m57.735s,21m57.412s,0m0.253s
simNo4,s100,m1000,h1,minVAF0.005,ISAV0,n300,fp0.001,fn0.2,na0.05,d0,l1000000,scistree_v1.2.0.6,heron07,1,75m42.123s,75m41.429s,0m0.501s
simNo4,s100,m300,h1,minVAF0.005,ISAV0,n1000,fp0.001,fn0.05,na0.05,d0,l1000000,scistree_v1.2.0.6,heron08,1,122m16.769s,122m15.163s,0m1.432s
simNo4,s100,m300,h1,minVAF0.005,ISAV0,n1000,fp0.001,fn0.2,na0.05,d0,l1000000,scistree_v1.2.0.6,heron09,1,643m3.301s,642m53.276s,0m8.655s
simNo4,s100,m300,h1,minVAF0.005,ISAV0,n300,fp0.001,fn0.05,na0.05,d0,l1000000,scistree_v1.2.0.6,heron04,1,2m54.560s,2m54.480s,0m0.061s
simNo4,s100,m300,h1,minVAF0.005,ISAV0,n300,fp0.001,fn0.2,na0.05,d0,l1000000,scistree_v1.2.0.6,heron05,1,13m12.976s,13m12.688s,0m0.239s
simNo5,s100,m1000,h1,minVAF0.005,ISAV0,n300,fp0.001,fn0.05,na0.05,d0,l1000000,scistree_v1.2.0.6,heron08,1,16m11.102s,16m10.890s,0m0.149s
simNo5,s100,m1000,h1,minVAF0.005,ISAV0,n300,fp0.001,fn0.2,na0.05,d0,l1000000,scistree_v1.2.0.6,heron09,1,62m47.912s,62m47.445s,0m0.303s
simNo5,s100,m300,h1,minVAF0.005,ISAV0,n1000,fp0.001,fn0.05,na0.05,d0,l1000000,scistree_v1.2.0.6,heron10,1,215m29.253s,215m26.377s,0m2.609s
simNo5,s100,m300,h1,minVAF0.005,ISAV0,n1000,fp0.001,fn0.2,na0.05,d0,l1000000,scistree_v1.2.0.6,heron11,1,737m39.145s,737m31.797s,0m8.651s
simNo5,s100,m300,h1,minVAF0.005,ISAV0,n300,fp0.001,fn0.05,na0.05,d0,l1000000,scistree_v1.2.0.6,heron06,1,4m32.342s,4m32.224s,0m0.077s
simNo5,s100,m300,h1,minVAF0.005,ISAV0,n300,fp0.001,fn0.2,na0.05,d0,l1000000,scistree_v1.2.0.6,heron07,1,16m55.811s,16m55.403s,0m0.273s
simNo6,s100,m1000,h1,minVAF0.005,ISAV0,n300,fp0.001,fn0.05,na0.05,d0,l1000000,scistree_v1.2.0.6,heron10,1,20m13.714s,20m13.430s,0m0.212s
simNo6,s100,m1000,h1,minVAF0.005,ISAV0,n300,fp0.001,fn0.2,na0.05,d0,l1000000,scistree_v1.2.0.6,heron11,1,38m20.409s,38m20.183s,0m0.224s
simNo6,s100,m300,h1,minVAF0.005,ISAV0,n1000,fp0.001,fn0.05,na0.05,d0,l1000000,scistree_v1.2.0.6,heron03,1,249m54.950s,249m53.058s,0m2.114s
simNo6,s100,m300,h1,minVAF0.005,ISAV0,n1000,fp0.001,fn0.2,na0.05,d0,l1000000,scistree_v1.2.0.6,heron04,1,674m30.454s,674m27.075s,0m6.593s
simNo6,s100,m300,h1,minVAF0.005,ISAV0,n300,fp0.001,fn0.05,na0.05,d0,l1000000,scistree_v1.2.0.6,heron08,1,5m58.455s,5m58.244s,0m0.170s
simNo6,s100,m300,h1,minVAF0.005,ISAV0,n300,fp0.001,fn0.2,na0.05,d0,l1000000,scistree_v1.2.0.6,heron09,1,16m24.643s,16m24.201s,0m0.310s
simNo7,s100,m1000,h1,minVAF0.005,ISAV0,n300,fp0.001,fn0.05,na0.05,d0,l1000000,scistree_v1.2.0.6,heron03,1,13m26.700s,13m26.532s,0m0.135s
simNo7,s100,m1000,h1,minVAF0.005,ISAV0,n300,fp0.001,fn0.2,na0.05,d0,l1000000,scistree_v1.2.0.6,heron04,1,47m27.855s,47m27.816s,0m0.218s
simNo7,s100,m300,h1,minVAF0.005,ISAV0,n1000,fp0.001,fn0.05,na0.05,d0,l1000000,scistree_v1.2.0.6,heron05,1,240m50.377s,240m48.397s,0m1.999s
simNo7,s100,m300,h1,minVAF0.005,ISAV0,n1000,fp0.001,fn0.2,na0.05,d0,l1000000,scistree_v1.2.0.6,heron06,1,697m48.845s,697m42.470s,0m5.856s
simNo7,s100,m300,h1,minVAF0.005,ISAV0,n300,fp0.001,fn0.05,na0.05,d0,l1000000,scistree_v1.2.0.6,heron10,1,4m43.522s,4m43.398s,0m0.090s
simNo7,s100,m300,h1,minVAF0.005,ISAV0,n300,fp0.001,fn0.2,na0.05,d0,l1000000,scistree_v1.2.0.6,heron11,1,17m33.984s,17m33.751s,0m0.189s
simNo8,s100,m1000,h1,minVAF0.005,ISAV0,n300,fp0.001,fn0.05,na0.05,d0,l1000000,scistree_v1.2.0.6,heron05,1,20m3.502s,20m3.255s,0m0.185s
simNo8,s100,m1000,h1,minVAF0.005,ISAV0,n300,fp0.001,fn0.2,na0.05,d0,l1000000,scistree_v1.2.0.6,heron06,1,50m53.804s,50m53.399s,0m0.274s
simNo8,s100,m300,h1,minVAF0.005,ISAV0,n1000,fp0.001,fn0.05,na0.05,d0,l1000000,scistree_v1.2.0.6,heron07,1,183m15.198s,183m12.989s,0m1.833s
simNo8,s100,m300,h1,minVAF0.005,ISAV0,n1000,fp0.001,fn0.2,na0.05,d0,l1000000,scistree_v1.2.0.6,heron08,1,587m47.048s,587m38.085s,0m8.509s
simNo8,s100,m300,h1,minVAF0.005,ISAV0,n300,fp0.001,fn0.05,na0.05,d0,l1000000,scistree_v1.2.0.6,heron03,1,4m40.523s,4m40.402s,0m0.088s
simNo8,s100,m300,h1,minVAF0.005,ISAV0,n300,fp0.001,fn0.2,na0.05,d0,l1000000,scistree_v1.2.0.6,heron04,1,10m46.335s,10m46.151s,0m0.196s
simNo9,s100,m1000,h1,minVAF0.005,ISAV0,n300,fp0.001,fn0.05,na0.05,d0,l1000000,scistree_v1.2.0.6,heron07,1,19m22.872s,19m22.593s,0m0.173s
simNo9,s100,m1000,h1,minVAF0.005,ISAV0,n300,fp0.001,fn0.2,na0.05,d0,l1000000,scistree_v1.2.0.6,heron08,1,65m7.372s,65m6.804s,0m0.437s
simNo9,s100,m300,h1,minVAF0.005,ISAV0,n1000,fp0.001,fn0.05,na0.05,d0,l1000000,scistree_v1.2.0.6,heron09,1,188m8.380s,188m5.410s,0m2.506s
simNo9,s100,m300,h1,minVAF0.005,ISAV0,n1000,fp0.001,fn0.2,na0.05,d0,l1000000,scistree_v1.2.0.6,heron10,1,681m10.658s,681m4.600s,0m5.666s
simNo9,s100,m300,h1,minVAF0.005,ISAV0,n300,fp0.001,fn0.05,na0.05,d0,l1000000,scistree_v1.2.0.6,heron05,1,9m56.320s,9m56.066s,0m0.179s
simNo9,s100,m300,h1,minVAF0.005,ISAV0,n300,fp0.001,fn0.2,na0.05,d0,l1000000,scistree_v1.2.0.6,heron06,1,22m24.117s,22m23.726s,0m0.243s
simNo10,s100,m1000,h1,minVAF0.005,ISAV0,n300,fp0.001,fn0.05,na0.05,d0,l1000000,treeqmcbip_v1.0.0_n2_wroot,heron07,1,11m26.743s,11m25.799s,0m0.895s
simNo10,s100,m1000,h1,minVAF0.005,ISAV0,n300,fp0.001,fn0.2,na0.05,d0,l1000000,treeqmcbip_v1.0.0_n2_wroot,heron08,1,11m7.483s,11m6.576s,0m0.862s
simNo10,s100,m300,h1,minVAF0.005,ISAV0,n1000,fp0.001,fn0.05,na0.05,d0,l1000000,treeqmcbip_v1.0.0_n2_wroot,heron09,1,90m42.379s,90m38.310s,0m3.926s
simNo10,s100,m300,h1,minVAF0.005,ISAV0,n1000,fp0.001,fn0.2,na0.05,d0,l1000000,treeqmcbip_v1.0.0_n2_wroot,heron10,1,112m5.621s,112m1.542s,0m4.027s
simNo10,s100,m300,h1,minVAF0.005,ISAV0,n300,fp0.001,fn0.05,na0.05,d0,l1000000,treeqmcbip_v1.0.0_n2_wroot,heron09,1,3m8.589s,3m8.273s,0m0.271s
simNo10,s100,m300,h1,minVAF0.005,ISAV0,n300,fp0.001,fn0.2,na0.05,d0,l1000000,treeqmcbip_v1.0.0_n2_wroot,heron10,1,3m12.458s,3m12.176s,0m0.231s
simNo1,s100,m1000,h1,minVAF0.005,ISAV0,n300,fp0.001,fn0.05,na0.05,d0,l1000000,treeqmcbip_v1.0.0_n2_wroot,heron09,1,11m34.392s,11m33.483s,0m0.841s
simNo1,s100,m1000,h1,minVAF0.005,ISAV0,n300,fp0.001,fn0.2,na0.05,d0,l1000000,treeqmcbip_v1.0.0_n2_wroot,heron10,1,11m23.387s,11m22.484s,0m0.857s
simNo1,s100,m300,h1,minVAF0.005,ISAV0,n1000,fp0.001,fn0.05,na0.05,d0,l1000000,treeqmcbip_v1.0.0_n2_wroot,heron11,1,99m42.940s,99m39.101s,0m4.032s
simNo1,s100,m300,h1,minVAF0.005,ISAV0,n1000,fp0.001,fn0.2,na0.05,d0,l1000000,treeqmcbip_v1.0.0_n2_wroot,heron03,1,114m2.217s,113m58.349s,0m4.012s
simNo1,s100,m300,h1,minVAF0.005,ISAV0,n300,fp0.001,fn0.05,na0.05,d0,l1000000,treeqmcbip_v1.0.0_n2_wroot,heron03,1,3m12.212s,3m11.893s,0m0.286s
simNo1,s100,m300,h1,minVAF0.005,ISAV0,n300,fp0.001,fn0.2,na0.05,d0,l1000000,treeqmcbip_v1.0.0_n2_wroot,heron04,1,3m12.149s,3m11.854s,0m0.266s
simNo2,s100,m1000,h1,minVAF0.005,ISAV0,n300,fp0.001,fn0.05,na0.05,d0,l1000000,treeqmcbip_v1.0.0_n2_wroot,heron11,1,10m44.694s,10m43.837s,0m0.840s
simNo2,s100,m1000,h1,minVAF0.005,ISAV0,n300,fp0.001,fn0.2,na0.05,d0,l1000000,treeqmcbip_v1.0.0_n2_wroot,heron03,1,10m29.269s,10m28.468s,0m0.775s
simNo2,s100,m300,h1,minVAF0.005,ISAV0,n1000,fp0.001,fn0.05,na0.05,d0,l1000000,treeqmcbip_v1.0.0_n2_wroot,heron04,1,103m40.226s,103m37.126s,0m3.632s
simNo2,s100,m300,h1,minVAF0.005,ISAV0,n1000,fp0.001,fn0.2,na0.05,d0,l1000000,treeqmcbip_v1.0.0_n2_wroot,heron05,1,116m15.355s,116m11.549s,0m3.833s
simNo2,s100,m300,h1,minVAF0.005,ISAV0,n300,fp0.001,fn0.05,na0.05,d0,l1000000,treeqmcbip_v1.0.0_n2_wroot,heron10,1,3m21.662s,3m21.310s,0m0.288s
simNo2,s100,m300,h1,minVAF0.005,ISAV0,n300,fp0.001,fn0.2,na0.05,d0,l1000000,treeqmcbip_v1.0.0_n2_wroot,heron11,1,3m21.288s,3m21.011s,0m0.237s
simNo3,s100,m1000,h1,minVAF0.005,ISAV0,n300,fp0.001,fn0.05,na0.05,d0,l1000000,treeqmcbip_v1.0.0_n2_wroot,heron04,1,11m1.788s,11m0.940s,0m0.868s
simNo3,s100,m1000,h1,minVAF0.005,ISAV0,n300,fp0.001,fn0.2,na0.05,d0,l1000000,treeqmcbip_v1.0.0_n2_wroot,heron05,1,10m40.837s,10m39.983s,0m0.825s
simNo3,s100,m300,h1,minVAF0.005,ISAV0,n1000,fp0.001,fn0.05,na0.05,d0,l1000000,treeqmcbip_v1.0.0_n2_wroot,heron06,1,99m7.852s,99m4.120s,0m3.683s
simNo3,s100,m300,h1,minVAF0.005,ISAV0,n1000,fp0.001,fn0.2,na0.05,d0,l1000000,treeqmcbip_v1.0.0_n2_wroot,heron07,1,113m27.152s,113m23.208s,0m3.760s
simNo3,s100,m300,h1,minVAF0.005,ISAV0,n300,fp0.001,fn0.05,na0.05,d0,l1000000,treeqmcbip_v1.0.0_n2_wroot,heron11,1,3m6.704s,3m6.377s,0m0.281s
simNo3,s100,m300,h1,minVAF0.005,ISAV0,n300,fp0.001,fn0.2,na0.05,d0,l1000000,treeqmcbip_v1.0.0_n2_wroot,heron03,1,3m12.218s,3m11.905s,0m0.278s
simNo4,s100,m1000,h1,minVAF0.005,ISAV0,n300,fp0.001,fn0.05,na0.05,d0,l1000000,treeqmcbip_v1.0.0_n2_wroot,heron06,1,11m26.516s,11m25.583s,0m0.862s
simNo4,s100,m1000,h1,minVAF0.005,ISAV0,n300,fp0.001,fn0.2,na0.05,d0,l1000000,treeqmcbip_v1.0.0_n2_wroot,heron07,1,11m24.044s,11m23.043s,0m0.946s
simNo4,s100,m300,h1,minVAF0.005,ISAV0,n1000,fp0.001,fn0.05,na0.05,d0,l1000000,treeqmcbip_v1.0.0_n2_wroot,heron08,1,96m18.642s,96m14.836s,0m3.779s
simNo4,s100,m300,h1,minVAF0.005,ISAV0,n1000,fp0.001,fn0.2,na0.05,d0,l1000000,treeqmcbip_v1.0.0_n2_wroot,heron09,1,113m19.674s,113m15.655s,0m3.696s
simNo4,s100,m300,h1,minVAF0.005,ISAV0,n300,fp0.001,fn0.05,na0.05,d0,l1000000,treeqmcbip_v1.0.0_n2_wroot,heron04,1,3m10.379s,3m10.084s,0m0.277s
simNo4,s100,m300,h1,minVAF0.005,ISAV0,n300,fp0.001,fn0.2,na0.05,d0,l1000000,treeqmcbip_v1.0.0_n2_wroot,heron05,1,3m8.688s,3m8.386s,0m0.261s
simNo5,s100,m1000,h1,minVAF0.005,ISAV0,n300,fp0.001,fn0.05,na0.05,d0,l1000000,treeqmcbip_v1.0.0_n2_wroot,heron08,1,10m57.866s,10m56.955s,0m0.865s
simNo5,s100,m1000,h1,minVAF0.005,ISAV0,n300,fp0.001,fn0.2,na0.05,d0,l1000000,treeqmcbip_v1.0.0_n2_wroot,heron09,1,10m38.112s,10m37.203s,0m0.838s
simNo5,s100,m300,h1,minVAF0.005,ISAV0,n1000,fp0.001,fn0.05,na0.05,d0,l1000000,treeqmcbip_v1.0.0_n2_wroot,heron10,1,104m11.424s,104m7.236s,0m4.091s
simNo5,s100,m300,h1,minVAF0.005,ISAV0,n1000,fp0.001,fn0.2,na0.05,d0,l1000000,treeqmcbip_v1.0.0_n2_wroot,heron11,1,115m34.627s,115m31.047s,0m3.817s
simNo5,s100,m300,h1,minVAF0.005,ISAV0,n300,fp0.001,fn0.05,na0.05,d0,l1000000,treeqmcbip_v1.0.0_n2_wroot,heron06,1,3m24.169s,3m23.833s,0m0.288s
simNo5,s100,m300,h1,minVAF0.005,ISAV0,n300,fp0.001,fn0.2,na0.05,d0,l1000000,treeqmcbip_v1.0.0_n2_wroot,heron07,1,3m23.433s,3m23.112s,0m0.281s
simNo6,s100,m1000,h1,minVAF0.005,ISAV0,n300,fp0.001,fn0.05,na0.05,d0,l1000000,treeqmcbip_v1.0.0_n2_wroot,heron10,1,10m53.868s,10m52.881s,0m0.935s
simNo6,s100,m1000,h1,minVAF0.005,ISAV0,n300,fp0.001,fn0.2,na0.05,d0,l1000000,treeqmcbip_v1.0.0_n2_wroot,heron11,1,10m38.186s,10m37.330s,0m0.835s
simNo6,s100,m300,h1,minVAF0.005,ISAV0,n1000,fp0.001,fn0.05,na0.05,d0,l1000000,treeqmcbip_v1.0.0_n2_wroot,heron03,1,102m9.396s,102m5.284s,0m4.236s
simNo6,s100,m300,h1,minVAF0.005,ISAV0,n1000,fp0.001,fn0.2,na0.05,d0,l1000000,treeqmcbip_v1.0.0_n2_wroot,heron04,1,113m20.934s,113m17.475s,0m4.066s
simNo6,s100,m300,h1,minVAF0.005,ISAV0,n300,fp0.001,fn0.05,na0.05,d0,l1000000,treeqmcbip_v1.0.0_n2_wroot,heron08,1,3m7.046s,3m6.689s,0m0.287s
simNo6,s100,m300,h1,minVAF0.005,ISAV0,n300,fp0.001,fn0.2,na0.05,d0,l1000000,treeqmcbip_v1.0.0_n2_wroot,heron09,1,3m9.860s,3m9.526s,0m0.288s
simNo7,s100,m1000,h1,minVAF0.005,ISAV0,n300,fp0.001,fn0.05,na0.05,d0,l1000000,treeqmcbip_v1.0.0_n2_wroot,heron03,1,10m52.970s,10m52.021s,0m0.921s
simNo7,s100,m1000,h1,minVAF0.005,ISAV0,n300,fp0.001,fn0.2,na0.05,d0,l1000000,treeqmcbip_v1.0.0_n2_wroot,heron04,1,11m0.926s,11m0.116s,0m0.838s
simNo7,s100,m300,h1,minVAF0.005,ISAV0,n1000,fp0.001,fn0.05,na0.05,d0,l1000000,treeqmcbip_v1.0.0_n2_wroot,heron05,1,102m26.799s,102m23.033s,0m3.660s
simNo7,s100,m300,h1,minVAF0.005,ISAV0,n1000,fp0.001,fn0.2,na0.05,d0,l1000000,treeqmcbip_v1.0.0_n2_wroot,heron06,1,118m48.491s,118m44.879s,0m3.525s
simNo7,s100,m300,h1,minVAF0.005,ISAV0,n300,fp0.001,fn0.05,na0.05,d0,l1000000,treeqmcbip_v1.0.0_n2_wroot,heron10,1,3m12.957s,3m12.663s,0m0.260s
simNo7,s100,m300,h1,minVAF0.005,ISAV0,n300,fp0.001,fn0.2,na0.05,d0,l1000000,treeqmcbip_v1.0.0_n2_wroot,heron11,1,3m10.029s,3m9.732s,0m0.262s
simNo8,s100,m1000,h1,minVAF0.005,ISAV0,n300,fp0.001,fn0.05,na0.05,d0,l1000000,treeqmcbip_v1.0.0_n2_wroot,heron05,1,11m23.161s,11m22.306s,0m0.829s
simNo8,s100,m1000,h1,minVAF0.005,ISAV0,n300,fp0.001,fn0.2,na0.05,d0,l1000000,treeqmcbip_v1.0.0_n2_wroot,heron06,1,11m2.914s,11m2.073s,0m0.802s
simNo8,s100,m300,h1,minVAF0.005,ISAV0,n1000,fp0.001,fn0.05,na0.05,d0,l1000000,treeqmcbip_v1.0.0_n2_wroot,heron07,1,99m3.656s,98m59.909s,0m3.648s
simNo8,s100,m300,h1,minVAF0.005,ISAV0,n1000,fp0.001,fn0.2,na0.05,d0,l1000000,treeqmcbip_v1.0.0_n2_wroot,heron08,1,116m26.275s,116m22.245s,0m3.994s
simNo8,s100,m300,h1,minVAF0.005,ISAV0,n300,fp0.001,fn0.05,na0.05,d0,l1000000,treeqmcbip_v1.0.0_n2_wroot,heron03,1,3m21.976s,3m21.640s,0m0.291s
simNo8,s100,m300,h1,minVAF0.005,ISAV0,n300,fp0.001,fn0.2,na0.05,d0,l1000000,treeqmcbip_v1.0.0_n2_wroot,heron04,1,3m20.598s,3m20.293s,0m0.268s
simNo9,s100,m1000,h1,minVAF0.005,ISAV0,n300,fp0.001,fn0.05,na0.05,d0,l1000000,treeqmcbip_v1.0.0_n2_wroot,heron07,1,11m29.050s,11m28.114s,0m0.888s
simNo9,s100,m1000,h1,minVAF0.005,ISAV0,n300,fp0.001,fn0.2,na0.05,d0,l1000000,treeqmcbip_v1.0.0_n2_wroot,heron08,1,11m0.821s,10m59.926s,0m0.861s
simNo9,s100,m300,h1,minVAF0.005,ISAV0,n1000,fp0.001,fn0.05,na0.05,d0,l1000000,treeqmcbip_v1.0.0_n2_wroot,heron09,1,100m30.471s,100m26.182s,0m4.099s
simNo9,s100,m300,h1,minVAF0.005,ISAV0,n1000,fp0.001,fn0.2,na0.05,d0,l1000000,treeqmcbip_v1.0.0_n2_wroot,heron10,1,112m36.396s,112m32.545s,0m3.788s
simNo9,s100,m300,h1,minVAF0.005,ISAV0,n300,fp0.001,fn0.05,na0.05,d0,l1000000,treeqmcbip_v1.0.0_n2_wroot,heron05,1,3m19.605s,3m19.300s,0m0.266s
simNo9,s100,m300,h1,minVAF0.005,ISAV0,n300,fp0.001,fn0.2,na0.05,d0,l1000000,treeqmcbip_v1.0.0_n2_wroot,heron06,1,3m18.213s,3m17.902s,0m0.270s
