simNo10,s100,m1000,h1,minVAF0.005,ISAV0,n300,fp0.001,fn0.05,na0.05,d0,l1000000,fastral_wroot,300,87,297,0,210,0.353535
simNo10,s100,m1000,h1,minVAF0.005,ISAV0,n300,fp0.001,fn0.2,na0.05,d0,l1000000,fastral_wroot,300,87,297,9,219,0.383838
simNo10,s100,m300,h1,minVAF0.005,ISAV0,n1000,fp0.001,fn0.05,na0.05,d0,l1000000,fastral_wroot,1000,99,997,23,921,0.473420
simNo10,s100,m300,h1,minVAF0.005,ISAV0,n1000,fp0.001,fn0.2,na0.05,d0,l1000000,fastral_wroot,1000,99,997,61,959,0.511535
simNo10,s100,m300,h1,minVAF0.005,ISAV0,n300,fp0.001,fn0.05,na0.05,d0,l1000000,fastral_wroot,300,81,297,8,224,0.390572
simNo10,s100,m300,h1,minVAF0.005,ISAV0,n300,fp0.001,fn0.2,na0.05,d0,l1000000,fastral_wroot,300,81,297,36,252,0.484848
simNo1,s100,m1000,h1,minVAF0.005,ISAV0,n300,fp0.001,fn0.05,na0.05,d0,l1000000,fastral_wroot,300,88,297,1,210,0.355219
simNo1,s100,m1000,h1,minVAF0.005,ISAV0,n300,fp0.001,fn0.2,na0.05,d0,l1000000,fastral_wroot,300,88,297,7,216,0.375421
simNo1,s100,m300,h1,minVAF0.005,ISAV0,n1000,fp0.001,fn0.05,na0.05,d0,l1000000,fastral_wroot,1000,99,997,26,924,0.476429
simNo1,s100,m300,h1,minVAF0.005,ISAV0,n1000,fp0.001,fn0.2,na0.05,d0,l1000000,fastral_wroot,1000,99,997,69,967,0.519559
simNo1,s100,m300,h1,minVAF0.005,ISAV0,n300,fp0.001,fn0.05,na0.05,d0,l1000000,fastral_wroot,300,84,297,15,228,0.409091
simNo1,s100,m300,h1,minVAF0.005,ISAV0,n300,fp0.001,fn0.2,na0.05,d0,l1000000,fastral_wroot,300,84,297,43,256,0.503367
simNo2,s100,m1000,h1,minVAF0.005,ISAV0,n300,fp0.001,fn0.05,na0.05,d0,l1000000,fastral_wroot,300,84,297,0,213,0.358586
simNo2,s100,m1000,h1,minVAF0.005,ISAV0,n300,fp0.001,fn0.2,na0.05,d0,l1000000,fastral_wroot,300,84,297,9,222,0.388889
simNo2,s100,m300,h1,minVAF0.005,ISAV0,n1000,fp0.001,fn0.05,na0.05,d0,l1000000,fastral_wroot,1000,99,997,25,923,0.475426
simNo2,s100,m300,h1,minVAF0.005,ISAV0,n1000,fp0.001,fn0.2,na0.05,d0,l1000000,fastral_wroot,1000,99,997,63,961,0.513541
simNo2,s100,m300,h1,minVAF0.005,ISAV0,n300,fp0.001,fn0.05,na0.05,d0,l1000000,fastral_wroot,300,86,297,15,226,0.405724
simNo2,s100,m300,h1,minVAF0.005,ISAV0,n300,fp0.001,fn0.2,na0.05,d0,l1000000,fastral_wroot,300,86,297,39,250,0.486532
simNo3,s100,m1000,h1,minVAF0.005,ISAV0,n300,fp0.001,fn0.05,na0.05,d0,l1000000,fastral_wroot,300,90,297,0,207,0.348485
simNo3,s100,m1000,h1,minVAF0.005,ISAV0,n300,fp0.001,fn0.2,na0.05,d0,l1000000,fastral_wroot,300,90,297,8,215,0.375421
simNo3,s100,m300,h1,minVAF0.005,ISAV0,n1000,fp0.001,fn0.05,na0.05,d0,l1000000,fastral_wroot,1000,98,997,22,921,0.472919
simNo3,s100,m300,h1,minVAF0.005,ISAV0,n1000,fp0.001,fn0.2,na0.05,d0,l1000000,fastral_wroot,1000,98,997,68,967,0.519057
simNo3,s100,m300,h1,minVAF0.005,ISAV0,n300,fp0.001,fn0.05,na0.05,d0,l1000000,fastral_wroot,300,88,297,17,226,0.409091
simNo3,s100,m300,h1,minVAF0.005,ISAV0,n300,fp0.001,fn0.2,na0.05,d0,l1000000,fastral_wroot,300,88,297,42,251,0.493266
simNo4,s100,m1000,h1,minVAF0.005,ISAV0,n300,fp0.001,fn0.05,na0.05,d0,l1000000,fastral_wroot,300,85,297,1,213,0.360269
simNo4,s100,m1000,h1,minVAF0.005,ISAV0,n300,fp0.001,fn0.2,na0.05,d0,l1000000,fastral_wroot,300,85,297,13,225,0.400673
simNo4,s100,m300,h1,minVAF0.005,ISAV0,n1000,fp0.001,fn0.05,na0.05,d0,l1000000,fastral_wroot,1000,98,997,17,916,0.467904
simNo4,s100,m300,h1,minVAF0.005,ISAV0,n1000,fp0.001,fn0.2,na0.05,d0,l1000000,fastral_wroot,1000,98,997,62,961,0.513039
simNo4,s100,m300,h1,minVAF0.005,ISAV0,n300,fp0.001,fn0.05,na0.05,d0,l1000000,fastral_wroot,300,86,297,10,221,0.388889
simNo4,s100,m300,h1,minVAF0.005,ISAV0,n300,fp0.001,fn0.2,na0.05,d0,l1000000,fastral_wroot,300,86,297,35,246,0.473064
simNo5,s100,m1000,h1,minVAF0.005,ISAV0,n300,fp0.001,fn0.05,na0.05,d0,l1000000,fastral_wroot,300,85,297,0,212,0.356902
simNo5,s100,m1000,h1,minVAF0.005,ISAV0,n300,fp0.001,fn0.2,na0.05,d0,l1000000,fastral_wroot,300,85,297,12,224,0.397306
simNo5,s100,m300,h1,minVAF0.005,ISAV0,n1000,fp0.001,fn0.05,na0.05,d0,l1000000,fastral_wroot,1000,99,997,26,924,0.476429
simNo5,s100,m300,h1,minVAF0.005,ISAV0,n1000,fp0.001,fn0.2,na0.05,d0,l1000000,fastral_wroot,1000,99,997,61,959,0.511535
simNo5,s100,m300,h1,minVAF0.005,ISAV0,n300,fp0.001,fn0.05,na0.05,d0,l1000000,fastral_wroot,300,92,297,6,211,0.365320
simNo5,s100,m300,h1,minVAF0.005,ISAV0,n300,fp0.001,fn0.2,na0.05,d0,l1000000,fastral_wroot,300,91,297,39,245,0.478114
simNo6,s100,m1000,h1,minVAF0.005,ISAV0,n300,fp0.001,fn0.05,na0.05,d0,l1000000,fastral_wroot,300,83,297,0,214,0.360269
simNo6,s100,m1000,h1,minVAF0.005,ISAV0,n300,fp0.001,fn0.2,na0.05,d0,l1000000,fastral_wroot,300,83,297,9,223,0.390572
simNo6,s100,m300,h1,minVAF0.005,ISAV0,n1000,fp0.001,fn0.05,na0.05,d0,l1000000,fastral_wroot,1000,99,997,27,925,0.477432
simNo6,s100,m300,h1,minVAF0.005,ISAV0,n1000,fp0.001,fn0.2,na0.05,d0,l1000000,fastral_wroot,1000,99,997,66,964,0.516550
simNo6,s100,m300,h1,minVAF0.005,ISAV0,n300,fp0.001,fn0.05,na0.05,d0,l1000000,fastral_wroot,300,85,297,11,223,0.393939
simNo6,s100,m300,h1,minVAF0.005,ISAV0,n300,fp0.001,fn0.2,na0.05,d0,l1000000,fastral_wroot,300,85,297,39,251,0.488215
simNo7,s100,m1000,h1,minVAF0.005,ISAV0,n300,fp0.001,fn0.05,na0.05,d0,l1000000,fastral_wroot,300,85,297,1,213,0.360269
simNo7,s100,m1000,h1,minVAF0.005,ISAV0,n300,fp0.001,fn0.2,na0.05,d0,l1000000,fastral_wroot,300,85,297,7,219,0.380471
simNo7,s100,m300,h1,minVAF0.005,ISAV0,n1000,fp0.001,fn0.05,na0.05,d0,l1000000,fastral_wroot,1000,99,997,20,918,0.470411
simNo7,s100,m300,h1,minVAF0.005,ISAV0,n1000,fp0.001,fn0.2,na0.05,d0,l1000000,fastral_wroot,1000,99,997,74,972,0.524574
simNo7,s100,m300,h1,minVAF0.005,ISAV0,n300,fp0.001,fn0.05,na0.05,d0,l1000000,fastral_wroot,300,84,297,15,228,0.409091
simNo7,s100,m300,h1,minVAF0.005,ISAV0,n300,fp0.001,fn0.2,na0.05,d0,l1000000,fastral_wroot,300,84,297,44,257,0.506734
simNo8,s100,m1000,h1,minVAF0.005,ISAV0,n300,fp0.001,fn0.05,na0.05,d0,l1000000,fastral_wroot,300,90,297,0,207,0.348485
simNo8,s100,m1000,h1,minVAF0.005,ISAV0,n300,fp0.001,fn0.2,na0.05,d0,l1000000,fastral_wroot,300,90,297,8,215,0.375421
simNo8,s100,m300,h1,minVAF0.005,ISAV0,n1000,fp0.001,fn0.05,na0.05,d0,l1000000,fastral_wroot,1000,99,997,23,921,0.473420
simNo8,s100,m300,h1,minVAF0.005,ISAV0,n1000,fp0.001,fn0.2,na0.05,d0,l1000000,fastral_wroot,1000,99,997,59,957,0.509529
simNo8,s100,m300,h1,minVAF0.005,ISAV0,n300,fp0.001,fn0.05,na0.05,d0,l1000000,fastral_wroot,300,86,297,13,224,0.398990
simNo8,s100,m300,h1,minVAF0.005,ISAV0,n300,fp0.001,fn0.2,na0.05,d0,l1000000,fastral_wroot,300,86,297,36,247,0.476431
simNo9,s100,m1000,h1,minVAF0.005,ISAV0,n300,fp0.001,fn0.05,na0.05,d0,l1000000,fastral_wroot,300,86,297,1,212,0.358586
simNo9,s100,m1000,h1,minVAF0.005,ISAV0,n300,fp0.001,fn0.2,na0.05,d0,l1000000,fastral_wroot,300,86,297,12,223,0.395623
simNo9,s100,m300,h1,minVAF0.005,ISAV0,n1000,fp0.001,fn0.05,na0.05,d0,l1000000,fastral_wroot,1000,99,997,28,926,0.478435
simNo9,s100,m300,h1,minVAF0.005,ISAV0,n1000,fp0.001,fn0.2,na0.05,d0,l1000000,fastral_wroot,1000,99,997,64,962,0.514544
simNo9,s100,m300,h1,minVAF0.005,ISAV0,n300,fp0.001,fn0.05,na0.05,d0,l1000000,fastral_wroot,300,86,297,9,220,0.385522
simNo9,s100,m300,h1,minVAF0.005,ISAV0,n300,fp0.001,fn0.2,na0.05,d0,l1000000,fastral_wroot,300,86,297,37,248,0.479798
simNo10,s100,m1000,h1,minVAF0.005,ISAV0,n300,fp0.001,fn0.05,na0.05,d0,l1000000,fastral_wrootx_wmuts,300,87,154,0,67,0.112795
simNo10,s100,m1000,h1,minVAF0.005,ISAV0,n300,fp0.001,fn0.2,na0.05,d0,l1000000,fastral_wrootx_wmuts,300,87,166,9,88,0.163300
simNo10,s100,m300,h1,minVAF0.005,ISAV0,n1000,fp0.001,fn0.05,na0.05,d0,l1000000,fastral_wrootx_wmuts,1000,99,171,24,96,0.060181
simNo10,s100,m300,h1,minVAF0.005,ISAV0,n1000,fp0.001,fn0.2,na0.05,d0,l1000000,fastral_wrootx_wmuts,1000,99,199,61,161,0.111334
simNo10,s100,m300,h1,minVAF0.005,ISAV0,n300,fp0.001,fn0.05,na0.05,d0,l1000000,fastral_wrootx_wmuts,300,81,112,8,39,0.079125
simNo10,s100,m300,h1,minVAF0.005,ISAV0,n300,fp0.001,fn0.2,na0.05,d0,l1000000,fastral_wrootx_wmuts,300,81,139,38,96,0.225589
simNo1,s100,m1000,h1,minVAF0.005,ISAV0,n300,fp0.001,fn0.05,na0.05,d0,l1000000,fastral_wrootx_wmuts,300,88,147,1,60,0.102694
simNo1,s100,m1000,h1,minVAF0.005,ISAV0,n300,fp0.001,fn0.2,na0.05,d0,l1000000,fastral_wrootx_wmuts,300,88,177,7,96,0.173401
simNo1,s100,m300,h1,minVAF0.005,ISAV0,n1000,fp0.001,fn0.05,na0.05,d0,l1000000,fastral_wrootx_wmuts,1000,99,172,26,99,0.062688
simNo1,s100,m300,h1,minVAF0.005,ISAV0,n1000,fp0.001,fn0.2,na0.05,d0,l1000000,fastral_wrootx_wmuts,1000,99,190,69,160,0.114845
simNo1,s100,m300,h1,minVAF0.005,ISAV0,n300,fp0.001,fn0.05,na0.05,d0,l1000000,fastral_wrootx_wmuts,300,84,116,15,47,0.104377
simNo1,s100,m300,h1,minVAF0.005,ISAV0,n300,fp0.001,fn0.2,na0.05,d0,l1000000,fastral_wrootx_wmuts,300,84,121,44,81,0.210438
simNo2,s100,m1000,h1,minVAF0.005,ISAV0,n300,fp0.001,fn0.05,na0.05,d0,l1000000,fastral_wrootx_wmuts,300,84,145,0,61,0.102694
simNo2,s100,m1000,h1,minVAF0.005,ISAV0,n300,fp0.001,fn0.2,na0.05,d0,l1000000,fastral_wrootx_wmuts,300,84,169,9,94,0.173401
simNo2,s100,m300,h1,minVAF0.005,ISAV0,n1000,fp0.001,fn0.05,na0.05,d0,l1000000,fastral_wrootx_wmuts,1000,99,182,27,110,0.068706
simNo2,s100,m300,h1,minVAF0.005,ISAV0,n1000,fp0.001,fn0.2,na0.05,d0,l1000000,fastral_wrootx_wmuts,1000,99,198,64,163,0.113842
simNo2,s100,m300,h1,minVAF0.005,ISAV0,n300,fp0.001,fn0.05,na0.05,d0,l1000000,fastral_wrootx_wmuts,300,86,113,17,44,0.102694
simNo2,s100,m300,h1,minVAF0.005,ISAV0,n300,fp0.001,fn0.2,na0.05,d0,l1000000,fastral_wrootx_wmuts,300,86,125,40,79,0.200337
simNo3,s100,m1000,h1,minVAF0.005,ISAV0,n300,fp0.001,fn0.05,na0.05,d0,l1000000,fastral_wrootx_wmuts,300,90,150,0,60,0.101010
simNo3,s100,m1000,h1,minVAF0.005,ISAV0,n300,fp0.001,fn0.2,na0.05,d0,l1000000,fastral_wrootx_wmuts,300,90,170,8,88,0.161616
simNo3,s100,m300,h1,minVAF0.005,ISAV0,n1000,fp0.001,fn0.05,na0.05,d0,l1000000,fastral_wrootx_wmuts,1000,98,183,27,112,0.069709
simNo3,s100,m300,h1,minVAF0.005,ISAV0,n1000,fp0.001,fn0.2,na0.05,d0,l1000000,fastral_wrootx_wmuts,1000,98,200,71,173,0.122367
simNo3,s100,m300,h1,minVAF0.005,ISAV0,n300,fp0.001,fn0.05,na0.05,d0,l1000000,fastral_wrootx_wmuts,300,88,116,18,46,0.107744
simNo3,s100,m300,h1,minVAF0.005,ISAV0,n300,fp0.001,fn0.2,na0.05,d0,l1000000,fastral_wrootx_wmuts,300,88,135,44,91,0.227273
simNo4,s100,m1000,h1,minVAF0.005,ISAV0,n300,fp0.001,fn0.05,na0.05,d0,l1000000,fastral_wrootx_wmuts,300,85,138,1,54,0.092593
simNo4,s100,m1000,h1,minVAF0.005,ISAV0,n300,fp0.001,fn0.2,na0.05,d0,l1000000,fastral_wrootx_wmuts,300,85,176,13,104,0.196970
simNo4,s100,m300,h1,minVAF0.005,ISAV0,n1000,fp0.001,fn0.05,na0.05,d0,l1000000,fastral_wrootx_wmuts,1000,98,187,21,110,0.065697
simNo4,s100,m300,h1,minVAF0.005,ISAV0,n1000,fp0.001,fn0.2,na0.05,d0,l1000000,fastral_wrootx_wmuts,1000,98,206,64,172,0.118355
simNo4,s100,m300,h1,minVAF0.005,ISAV0,n300,fp0.001,fn0.05,na0.05,d0,l1000000,fastral_wrootx_wmuts,300,86,120,10,44,0.090909
simNo4,s100,m300,h1,minVAF0.005,ISAV0,n300,fp0.001,fn0.2,na0.05,d0,l1000000,fastral_wrootx_wmuts,300,86,135,37,86,0.207071
simNo5,s100,m1000,h1,minVAF0.005,ISAV0,n300,fp0.001,fn0.05,na0.05,d0,l1000000,fastral_wrootx_wmuts,300,85,136,0,51,0.085859
simNo5,s100,m1000,h1,minVAF0.005,ISAV0,n300,fp0.001,fn0.2,na0.05,d0,l1000000,fastral_wrootx_wmuts,300,85,177,12,104,0.195286
simNo5,s100,m300,h1,minVAF0.005,ISAV0,n1000,fp0.001,fn0.05,na0.05,d0,l1000000,fastral_wrootx_wmuts,1000,99,182,26,109,0.067703
simNo5,s100,m300,h1,minVAF0.005,ISAV0,n1000,fp0.001,fn0.2,na0.05,d0,l1000000,fastral_wrootx_wmuts,1000,99,204,62,167,0.114845
simNo5,s100,m300,h1,minVAF0.005,ISAV0,n300,fp0.001,fn0.05,na0.05,d0,l1000000,fastral_wrootx_wmuts,300,92,129,6,43,0.082492
simNo5,s100,m300,h1,minVAF0.005,ISAV0,n300,fp0.001,fn0.2,na0.05,d0,l1000000,fastral_wrootx_wmuts,300,91,133,39,81,0.202020
simNo6,s100,m1000,h1,minVAF0.005,ISAV0,n300,fp0.001,fn0.05,na0.05,d0,l1000000,fastral_wrootx_wmuts,300,83,145,0,62,0.104377
simNo6,s100,m1000,h1,minVAF0.005,ISAV0,n300,fp0.001,fn0.2,na0.05,d0,l1000000,fastral_wrootx_wmuts,300,83,174,9,100,0.183502
simNo6,s100,m300,h1,minVAF0.005,ISAV0,n1000,fp0.001,fn0.05,na0.05,d0,l1000000,fastral_wrootx_wmuts,1000,99,175,33,109,0.071214
simNo6,s100,m300,h1,minVAF0.005,ISAV0,n1000,fp0.001,fn0.2,na0.05,d0,l1000000,fastral_wrootx_wmuts,1000,99,204,67,172,0.119860
simNo6,s100,m300,h1,minVAF0.005,ISAV0,n300,fp0.001,fn0.05,na0.05,d0,l1000000,fastral_wrootx_wmuts,300,85,113,11,39,0.084175
simNo6,s100,m300,h1,minVAF0.005,ISAV0,n300,fp0.001,fn0.2,na0.05,d0,l1000000,fastral_wrootx_wmuts,300,85,139,39,93,0.222222
simNo7,s100,m1000,h1,minVAF0.005,ISAV0,n300,fp0.001,fn0.05,na0.05,d0,l1000000,fastral_wrootx_wmuts,300,85,143,1,59,0.101010
simNo7,s100,m1000,h1,minVAF0.005,ISAV0,n300,fp0.001,fn0.2,na0.05,d0,l1000000,fastral_wrootx_wmuts,300,85,178,7,100,0.180135
simNo7,s100,m300,h1,minVAF0.005,ISAV0,n1000,fp0.001,fn0.05,na0.05,d0,l1000000,fastral_wrootx_wmuts,1000,99,184,25,110,0.067703
simNo7,s100,m300,h1,minVAF0.005,ISAV0,n1000,fp0.001,fn0.2,na0.05,d0,l1000000,fastral_wrootx_wmuts,1000,99,190,74,165,0.119860
simNo7,s100,m300,h1,minVAF0.005,ISAV0,n300,fp0.001,fn0.05,na0.05,d0,l1000000,fastral_wrootx_wmuts,300,84,112,15,43,0.097643
simNo7,s100,m300,h1,minVAF0.005,ISAV0,n300,fp0.001,fn0.2,na0.05,d0,l1000000,fastral_wrootx_wmuts,300,84,132,44,92,0.228956
simNo8,s100,m1000,h1,minVAF0.005,ISAV0,n300,fp0.001,fn0.05,na0.05,d0,l1000000,fastral_wrootx_wmuts,300,90,149,0,59,0.099327
simNo8,s100,m1000,h1,minVAF0.005,ISAV0,n300,fp0.001,fn0.2,na0.05,d0,l1000000,fastral_wrootx_wmuts,300,90,177,8,95,0.173401
simNo8,s100,m300,h1,minVAF0.005,ISAV0,n1000,fp0.001,fn0.05,na0.05,d0,l1000000,fastral_wrootx_wmuts,1000,99,186,24,111,0.067703
simNo8,s100,m300,h1,minVAF0.005,ISAV0,n1000,fp0.001,fn0.2,na0.05,d0,l1000000,fastral_wrootx_wmuts,1000,99,192,62,155,0.108826
simNo8,s100,m300,h1,minVAF0.005,ISAV0,n300,fp0.001,fn0.05,na0.05,d0,l1000000,fastral_wrootx_wmuts,300,86,121,13,48,0.102694
simNo8,s100,m300,h1,minVAF0.005,ISAV0,n300,fp0.001,fn0.2,na0.05,d0,l1000000,fastral_wrootx_wmuts,300,86,119,36,69,0.176768
simNo9,s100,m1000,h1,minVAF0.005,ISAV0,n300,fp0.001,fn0.05,na0.05,d0,l1000000,fastral_wrootx_wmuts,300,86,133,1,48,0.082492
simNo9,s100,m1000,h1,minVAF0.005,ISAV0,n300,fp0.001,fn0.2,na0.05,d0,l1000000,fastral_wrootx_wmuts,300,86,160,12,86,0.164983
simNo9,s100,m300,h1,minVAF0.005,ISAV0,n1000,fp0.001,fn0.05,na0.05,d0,l1000000,fastral_wrootx_wmuts,1000,99,178,29,108,0.068706
simNo9,s100,m300,h1,minVAF0.005,ISAV0,n1000,fp0.001,fn0.2,na0.05,d0,l1000000,fastral_wrootx_wmuts,1000,99,186,66,153,0.109829
simNo9,s100,m300,h1,minVAF0.005,ISAV0,n300,fp0.001,fn0.05,na0.05,d0,l1000000,fastral_wrootx_wmuts,300,86,118,10,42,0.087542
simNo9,s100,m300,h1,minVAF0.005,ISAV0,n300,fp0.001,fn0.2,na0.05,d0,l1000000,fastral_wrootx_wmuts,300,86,135,37,86,0.207071
simNo10,s100,m1000,h1,minVAF0.005,ISAV0,n300,fp0.001,fn0.05,na0.05,d0,l1000000,fastme_v2.1.5_wroot,300,87,297,0,210,0.353535
simNo10,s100,m1000,h1,minVAF0.005,ISAV0,n300,fp0.001,fn0.2,na0.05,d0,l1000000,fastme_v2.1.5_wroot,300,87,297,4,214,0.367003
simNo10,s100,m300,h1,minVAF0.005,ISAV0,n1000,fp0.001,fn0.05,na0.05,d0,l1000000,fastme_v2.1.5_wroot,1000,99,997,19,917,0.469408
simNo10,s100,m300,h1,minVAF0.005,ISAV0,n1000,fp0.001,fn0.2,na0.05,d0,l1000000,fastme_v2.1.5_wroot,1000,99,997,61,959,0.511535
simNo10,s100,m300,h1,minVAF0.005,ISAV0,n300,fp0.001,fn0.05,na0.05,d0,l1000000,fastme_v2.1.5_wroot,300,81,297,4,220,0.377104
simNo10,s100,m300,h1,minVAF0.005,ISAV0,n300,fp0.001,fn0.2,na0.05,d0,l1000000,fastme_v2.1.5_wroot,300,81,297,22,238,0.437710
simNo1,s100,m1000,h1,minVAF0.005,ISAV0,n300,fp0.001,fn0.05,na0.05,d0,l1000000,fastme_v2.1.5_wroot,300,88,297,1,210,0.355219
simNo1,s100,m1000,h1,minVAF0.005,ISAV0,n300,fp0.001,fn0.2,na0.05,d0,l1000000,fastme_v2.1.5_wroot,300,88,297,1,210,0.355219
simNo1,s100,m300,h1,minVAF0.005,ISAV0,n1000,fp0.001,fn0.05,na0.05,d0,l1000000,fastme_v2.1.5_wroot,1000,99,997,21,919,0.471414
simNo1,s100,m300,h1,minVAF0.005,ISAV0,n1000,fp0.001,fn0.2,na0.05,d0,l1000000,fastme_v2.1.5_wroot,1000,99,997,65,963,0.515547
simNo1,s100,m300,h1,minVAF0.005,ISAV0,n300,fp0.001,fn0.05,na0.05,d0,l1000000,fastme_v2.1.5_wroot,300,84,297,10,223,0.392256
simNo1,s100,m300,h1,minVAF0.005,ISAV0,n300,fp0.001,fn0.2,na0.05,d0,l1000000,fastme_v2.1.5_wroot,300,84,297,35,248,0.476431
simNo2,s100,m1000,h1,minVAF0.005,ISAV0,n300,fp0.001,fn0.05,na0.05,d0,l1000000,fastme_v2.1.5_wroot,300,84,297,0,213,0.358586
simNo2,s100,m1000,h1,minVAF0.005,ISAV0,n300,fp0.001,fn0.2,na0.05,d0,l1000000,fastme_v2.1.5_wroot,300,84,297,4,217,0.372054
simNo2,s100,m300,h1,minVAF0.005,ISAV0,n1000,fp0.001,fn0.05,na0.05,d0,l1000000,fastme_v2.1.5_wroot,1000,99,997,20,918,0.470411
simNo2,s100,m300,h1,minVAF0.005,ISAV0,n1000,fp0.001,fn0.2,na0.05,d0,l1000000,fastme_v2.1.5_wroot,1000,99,997,60,958,0.510532
simNo2,s100,m300,h1,minVAF0.005,ISAV0,n300,fp0.001,fn0.05,na0.05,d0,l1000000,fastme_v2.1.5_wroot,300,86,297,4,215,0.368687
simNo2,s100,m300,h1,minVAF0.005,ISAV0,n300,fp0.001,fn0.2,na0.05,d0,l1000000,fastme_v2.1.5_wroot,300,86,297,33,244,0.466330
simNo3,s100,m1000,h1,minVAF0.005,ISAV0,n300,fp0.001,fn0.05,na0.05,d0,l1000000,fastme_v2.1.5_wroot,300,90,297,0,207,0.348485
simNo3,s100,m1000,h1,minVAF0.005,ISAV0,n300,fp0.001,fn0.2,na0.05,d0,l1000000,fastme_v2.1.5_wroot,300,90,297,2,209,0.355219
simNo3,s100,m300,h1,minVAF0.005,ISAV0,n1000,fp0.001,fn0.05,na0.05,d0,l1000000,fastme_v2.1.5_wroot,1000,98,997,18,917,0.468907
simNo3,s100,m300,h1,minVAF0.005,ISAV0,n1000,fp0.001,fn0.2,na0.05,d0,l1000000,fastme_v2.1.5_wroot,1000,98,997,67,966,0.518054
simNo3,s100,m300,h1,minVAF0.005,ISAV0,n300,fp0.001,fn0.05,na0.05,d0,l1000000,fastme_v2.1.5_wroot,300,88,297,7,216,0.375421
simNo3,s100,m300,h1,minVAF0.005,ISAV0,n300,fp0.001,fn0.2,na0.05,d0,l1000000,fastme_v2.1.5_wroot,300,88,297,33,242,0.462963
simNo4,s100,m1000,h1,minVAF0.005,ISAV0,n300,fp0.001,fn0.05,na0.05,d0,l1000000,fastme_v2.1.5_wroot,300,85,297,0,212,0.356902
simNo4,s100,m1000,h1,minVAF0.005,ISAV0,n300,fp0.001,fn0.2,na0.05,d0,l1000000,fastme_v2.1.5_wroot,300,85,297,3,215,0.367003
simNo4,s100,m300,h1,minVAF0.005,ISAV0,n1000,fp0.001,fn0.05,na0.05,d0,l1000000,fastme_v2.1.5_wroot,1000,98,997,13,912,0.463892
simNo4,s100,m300,h1,minVAF0.005,ISAV0,n1000,fp0.001,fn0.2,na0.05,d0,l1000000,fastme_v2.1.5_wroot,1000,98,997,65,964,0.516048
simNo4,s100,m300,h1,minVAF0.005,ISAV0,n300,fp0.001,fn0.05,na0.05,d0,l1000000,fastme_v2.1.5_wroot,300,86,297,4,215,0.368687
simNo4,s100,m300,h1,minVAF0.005,ISAV0,n300,fp0.001,fn0.2,na0.05,d0,l1000000,fastme_v2.1.5_wroot,300,86,297,26,237,0.442761
simNo5,s100,m1000,h1,minVAF0.005,ISAV0,n300,fp0.001,fn0.05,na0.05,d0,l1000000,fastme_v2.1.5_wroot,300,85,297,0,212,0.356902
simNo5,s100,m1000,h1,minVAF0.005,ISAV0,n300,fp0.001,fn0.2,na0.05,d0,l1000000,fastme_v2.1.5_wroot,300,85,297,3,215,0.367003
simNo5,s100,m300,h1,minVAF0.005,ISAV0,n1000,fp0.001,fn0.05,na0.05,d0,l1000000,fastme_v2.1.5_wroot,1000,99,997,15,913,0.465396
simNo5,s100,m300,h1,minVAF0.005,ISAV0,n1000,fp0.001,fn0.2,na0.05,d0,l1000000,fastme_v2.1.5_wroot,1000,99,997,59,957,0.509529
simNo5,s100,m300,h1,minVAF0.005,ISAV0,n300,fp0.001,fn0.05,na0.05,d0,l1000000,fastme_v2.1.5_wroot,300,92,297,1,206,0.348485
simNo5,s100,m300,h1,minVAF0.005,ISAV0,n300,fp0.001,fn0.2,na0.05,d0,l1000000,fastme_v2.1.5_wroot,300,91,297,32,238,0.454545
simNo6,s100,m1000,h1,minVAF0.005,ISAV0,n300,fp0.001,fn0.05,na0.05,d0,l1000000,fastme_v2.1.5_wroot,300,83,297,0,214,0.360269
simNo6,s100,m1000,h1,minVAF0.005,ISAV0,n300,fp0.001,fn0.2,na0.05,d0,l1000000,fastme_v2.1.5_wroot,300,83,297,3,217,0.370370
simNo6,s100,m300,h1,minVAF0.005,ISAV0,n1000,fp0.001,fn0.05,na0.05,d0,l1000000,fastme_v2.1.5_wroot,1000,99,997,18,916,0.468405
simNo6,s100,m300,h1,minVAF0.005,ISAV0,n1000,fp0.001,fn0.2,na0.05,d0,l1000000,fastme_v2.1.5_wroot,1000,99,997,58,956,0.508526
simNo6,s100,m300,h1,minVAF0.005,ISAV0,n300,fp0.001,fn0.05,na0.05,d0,l1000000,fastme_v2.1.5_wroot,300,85,297,5,217,0.373737
simNo6,s100,m300,h1,minVAF0.005,ISAV0,n300,fp0.001,fn0.2,na0.05,d0,l1000000,fastme_v2.1.5_wroot,300,85,297,29,241,0.454545
simNo7,s100,m1000,h1,minVAF0.005,ISAV0,n300,fp0.001,fn0.05,na0.05,d0,l1000000,fastme_v2.1.5_wroot,300,85,297,0,212,0.356902
simNo7,s100,m1000,h1,minVAF0.005,ISAV0,n300,fp0.001,fn0.2,na0.05,d0,l1000000,fastme_v2.1.5_wroot,300,85,297,4,216,0.370370
simNo7,s100,m300,h1,minVAF0.005,ISAV0,n1000,fp0.001,fn0.05,na0.05,d0,l1000000,fastme_v2.1.5_wroot,1000,99,997,13,911,0.463390
simNo7,s100,m300,h1,minVAF0.005,ISAV0,n1000,fp0.001,fn0.2,na0.05,d0,l1000000,fastme_v2.1.5_wroot,1000,99,997,63,961,0.513541
simNo7,s100,m300,h1,minVAF0.005,ISAV0,n300,fp0.001,fn0.05,na0.05,d0,l1000000,fastme_v2.1.5_wroot,300,84,297,7,220,0.382155
simNo7,s100,m300,h1,minVAF0.005,ISAV0,n300,fp0.001,fn0.2,na0.05,d0,l1000000,fastme_v2.1.5_wroot,300,84,297,30,243,0.459596
simNo8,s100,m1000,h1,minVAF0.005,ISAV0,n300,fp0.001,fn0.05,na0.05,d0,l1000000,fastme_v2.1.5_wroot,300,90,297,0,207,0.348485
simNo8,s100,m1000,h1,minVAF0.005,ISAV0,n300,fp0.001,fn0.2,na0.05,d0,l1000000,fastme_v2.1.5_wroot,300,90,297,5,212,0.365320
simNo8,s100,m300,h1,minVAF0.005,ISAV0,n1000,fp0.001,fn0.05,na0.05,d0,l1000000,fastme_v2.1.5_wroot,1000,99,997,12,910,0.462387
simNo8,s100,m300,h1,minVAF0.005,ISAV0,n1000,fp0.001,fn0.2,na0.05,d0,l1000000,fastme_v2.1.5_wroot,1000,99,997,54,952,0.504514
simNo8,s100,m300,h1,minVAF0.005,ISAV0,n300,fp0.001,fn0.05,na0.05,d0,l1000000,fastme_v2.1.5_wroot,300,86,297,8,219,0.382155
simNo8,s100,m300,h1,minVAF0.005,ISAV0,n300,fp0.001,fn0.2,na0.05,d0,l1000000,fastme_v2.1.5_wroot,300,86,297,25,236,0.439394
simNo9,s100,m1000,h1,minVAF0.005,ISAV0,n300,fp0.001,fn0.05,na0.05,d0,l1000000,fastme_v2.1.5_wroot,300,86,297,0,211,0.355219
simNo9,s100,m1000,h1,minVAF0.005,ISAV0,n300,fp0.001,fn0.2,na0.05,d0,l1000000,fastme_v2.1.5_wroot,300,86,297,3,214,0.365320
simNo9,s100,m300,h1,minVAF0.005,ISAV0,n1000,fp0.001,fn0.05,na0.05,d0,l1000000,fastme_v2.1.5_wroot,1000,99,997,17,915,0.467402
simNo9,s100,m300,h1,minVAF0.005,ISAV0,n1000,fp0.001,fn0.2,na0.05,d0,l1000000,fastme_v2.1.5_wroot,1000,99,997,59,957,0.509529
simNo9,s100,m300,h1,minVAF0.005,ISAV0,n300,fp0.001,fn0.05,na0.05,d0,l1000000,fastme_v2.1.5_wroot,300,86,297,7,218,0.378788
simNo9,s100,m300,h1,minVAF0.005,ISAV0,n300,fp0.001,fn0.2,na0.05,d0,l1000000,fastme_v2.1.5_wroot,300,86,297,25,236,0.439394
simNo10,s100,m1000,h1,minVAF0.005,ISAV0,n300,fp0.001,fn0.05,na0.05,d0,l1000000,fastme_v2.1.5_wrootx_wmuts,300,87,172,0,85,0.143098
simNo10,s100,m1000,h1,minVAF0.005,ISAV0,n300,fp0.001,fn0.2,na0.05,d0,l1000000,fastme_v2.1.5_wrootx_wmuts,300,87,179,4,96,0.168350
simNo10,s100,m300,h1,minVAF0.005,ISAV0,n1000,fp0.001,fn0.05,na0.05,d0,l1000000,fastme_v2.1.5_wrootx_wmuts,1000,99,194,23,118,0.070712
simNo10,s100,m300,h1,minVAF0.005,ISAV0,n1000,fp0.001,fn0.2,na0.05,d0,l1000000,fastme_v2.1.5_wrootx_wmuts,1000,99,215,62,178,0.120361
simNo10,s100,m300,h1,minVAF0.005,ISAV0,n300,fp0.001,fn0.05,na0.05,d0,l1000000,fastme_v2.1.5_wrootx_wmuts,300,81,130,4,53,0.095960
simNo10,s100,m300,h1,minVAF0.005,ISAV0,n300,fp0.001,fn0.2,na0.05,d0,l1000000,fastme_v2.1.5_wrootx_wmuts,300,81,133,24,76,0.168350
simNo1,s100,m1000,h1,minVAF0.005,ISAV0,n300,fp0.001,fn0.05,na0.05,d0,l1000000,fastme_v2.1.5_wrootx_wmuts,300,88,169,1,82,0.139731
simNo1,s100,m1000,h1,minVAF0.005,ISAV0,n300,fp0.001,fn0.2,na0.05,d0,l1000000,fastme_v2.1.5_wrootx_wmuts,300,88,173,1,86,0.146465
simNo1,s100,m300,h1,minVAF0.005,ISAV0,n1000,fp0.001,fn0.05,na0.05,d0,l1000000,fastme_v2.1.5_wrootx_wmuts,1000,99,193,25,119,0.072217
simNo1,s100,m300,h1,minVAF0.005,ISAV0,n1000,fp0.001,fn0.2,na0.05,d0,l1000000,fastme_v2.1.5_wrootx_wmuts,1000,99,204,66,171,0.118857
simNo1,s100,m300,h1,minVAF0.005,ISAV0,n300,fp0.001,fn0.05,na0.05,d0,l1000000,fastme_v2.1.5_wrootx_wmuts,300,84,128,13,57,0.117845
simNo1,s100,m300,h1,minVAF0.005,ISAV0,n300,fp0.001,fn0.2,na0.05,d0,l1000000,fastme_v2.1.5_wrootx_wmuts,300,84,127,37,80,0.196970
simNo2,s100,m1000,h1,minVAF0.005,ISAV0,n300,fp0.001,fn0.05,na0.05,d0,l1000000,fastme_v2.1.5_wrootx_wmuts,300,84,170,0,86,0.144781
simNo2,s100,m1000,h1,minVAF0.005,ISAV0,n300,fp0.001,fn0.2,na0.05,d0,l1000000,fastme_v2.1.5_wrootx_wmuts,300,84,182,4,102,0.178451
simNo2,s100,m300,h1,minVAF0.005,ISAV0,n1000,fp0.001,fn0.05,na0.05,d0,l1000000,fastme_v2.1.5_wrootx_wmuts,1000,99,202,22,125,0.073721
simNo2,s100,m300,h1,minVAF0.005,ISAV0,n1000,fp0.001,fn0.2,na0.05,d0,l1000000,fastme_v2.1.5_wrootx_wmuts,1000,99,200,63,164,0.113842
simNo2,s100,m300,h1,minVAF0.005,ISAV0,n300,fp0.001,fn0.05,na0.05,d0,l1000000,fastme_v2.1.5_wrootx_wmuts,300,86,129,6,49,0.092593
simNo2,s100,m300,h1,minVAF0.005,ISAV0,n300,fp0.001,fn0.2,na0.05,d0,l1000000,fastme_v2.1.5_wrootx_wmuts,300,86,135,33,82,0.193603
simNo3,s100,m1000,h1,minVAF0.005,ISAV0,n300,fp0.001,fn0.05,na0.05,d0,l1000000,fastme_v2.1.5_wrootx_wmuts,300,90,171,0,81,0.136364
simNo3,s100,m1000,h1,minVAF0.005,ISAV0,n300,fp0.001,fn0.2,na0.05,d0,l1000000,fastme_v2.1.5_wrootx_wmuts,300,90,176,2,88,0.151515
simNo3,s100,m300,h1,minVAF0.005,ISAV0,n1000,fp0.001,fn0.05,na0.05,d0,l1000000,fastme_v2.1.5_wrootx_wmuts,1000,98,197,27,126,0.076730
simNo3,s100,m300,h1,minVAF0.005,ISAV0,n1000,fp0.001,fn0.2,na0.05,d0,l1000000,fastme_v2.1.5_wrootx_wmuts,1000,98,206,68,176,0.122367
simNo3,s100,m300,h1,minVAF0.005,ISAV0,n300,fp0.001,fn0.05,na0.05,d0,l1000000,fastme_v2.1.5_wrootx_wmuts,300,88,129,7,48,0.092593
simNo3,s100,m300,h1,minVAF0.005,ISAV0,n300,fp0.001,fn0.2,na0.05,d0,l1000000,fastme_v2.1.5_wrootx_wmuts,300,88,147,34,93,0.213805
simNo4,s100,m1000,h1,minVAF0.005,ISAV0,n300,fp0.001,fn0.05,na0.05,d0,l1000000,fastme_v2.1.5_wrootx_wmuts,300,85,163,0,78,0.131313
simNo4,s100,m1000,h1,minVAF0.005,ISAV0,n300,fp0.001,fn0.2,na0.05,d0,l1000000,fastme_v2.1.5_wrootx_wmuts,300,85,178,3,96,0.166667
simNo4,s100,m300,h1,minVAF0.005,ISAV0,n1000,fp0.001,fn0.05,na0.05,d0,l1000000,fastme_v2.1.5_wrootx_wmuts,1000,98,205,17,124,0.070712
simNo4,s100,m300,h1,minVAF0.005,ISAV0,n1000,fp0.001,fn0.2,na0.05,d0,l1000000,fastme_v2.1.5_wrootx_wmuts,1000,98,207,67,176,0.121866
simNo4,s100,m300,h1,minVAF0.005,ISAV0,n300,fp0.001,fn0.05,na0.05,d0,l1000000,fastme_v2.1.5_wrootx_wmuts,300,86,134,4,52,0.094276
simNo4,s100,m300,h1,minVAF0.005,ISAV0,n300,fp0.001,fn0.2,na0.05,d0,l1000000,fastme_v2.1.5_wrootx_wmuts,300,86,142,27,83,0.185185
simNo5,s100,m1000,h1,minVAF0.005,ISAV0,n300,fp0.001,fn0.05,na0.05,d0,l1000000,fastme_v2.1.5_wrootx_wmuts,300,85,153,0,68,0.114478
simNo5,s100,m1000,h1,minVAF0.005,ISAV0,n300,fp0.001,fn0.2,na0.05,d0,l1000000,fastme_v2.1.5_wrootx_wmuts,300,85,181,3,99,0.171717
simNo5,s100,m300,h1,minVAF0.005,ISAV0,n1000,fp0.001,fn0.05,na0.05,d0,l1000000,fastme_v2.1.5_wrootx_wmuts,1000,99,203,15,119,0.067202
simNo5,s100,m300,h1,minVAF0.005,ISAV0,n1000,fp0.001,fn0.2,na0.05,d0,l1000000,fastme_v2.1.5_wrootx_wmuts,1000,99,211,60,172,0.116349
simNo5,s100,m300,h1,minVAF0.005,ISAV0,n300,fp0.001,fn0.05,na0.05,d0,l1000000,fastme_v2.1.5_wrootx_wmuts,300,92,140,2,50,0.087542
simNo5,s100,m300,h1,minVAF0.005,ISAV0,n300,fp0.001,fn0.2,na0.05,d0,l1000000,fastme_v2.1.5_wrootx_wmuts,300,91,131,32,72,0.175084
simNo6,s100,m1000,h1,minVAF0.005,ISAV0,n300,fp0.001,fn0.05,na0.05,d0,l1000000,fastme_v2.1.5_wrootx_wmuts,300,83,156,0,73,0.122896
simNo6,s100,m1000,h1,minVAF0.005,ISAV0,n300,fp0.001,fn0.2,na0.05,d0,l1000000,fastme_v2.1.5_wrootx_wmuts,300,83,182,3,102,0.176768
simNo6,s100,m300,h1,minVAF0.005,ISAV0,n1000,fp0.001,fn0.05,na0.05,d0,l1000000,fastme_v2.1.5_wrootx_wmuts,1000,99,202,25,128,0.076730
simNo6,s100,m300,h1,minVAF0.005,ISAV0,n1000,fp0.001,fn0.2,na0.05,d0,l1000000,fastme_v2.1.5_wrootx_wmuts,1000,99,210,61,172,0.116851
simNo6,s100,m300,h1,minVAF0.005,ISAV0,n300,fp0.001,fn0.05,na0.05,d0,l1000000,fastme_v2.1.5_wrootx_wmuts,300,85,131,6,52,0.097643
simNo6,s100,m300,h1,minVAF0.005,ISAV0,n300,fp0.001,fn0.2,na0.05,d0,l1000000,fastme_v2.1.5_wrootx_wmuts,300,85,142,30,87,0.196970
simNo7,s100,m1000,h1,minVAF0.005,ISAV0,n300,fp0.001,fn0.05,na0.05,d0,l1000000,fastme_v2.1.5_wrootx_wmuts,300,85,172,0,87,0.146465
simNo7,s100,m1000,h1,minVAF0.005,ISAV0,n300,fp0.001,fn0.2,na0.05,d0,l1000000,fastme_v2.1.5_wrootx_wmuts,300,85,178,4,97,0.170034
simNo7,s100,m300,h1,minVAF0.005,ISAV0,n1000,fp0.001,fn0.05,na0.05,d0,l1000000,fastme_v2.1.5_wrootx_wmuts,1000,99,198,18,117,0.067703
simNo7,s100,m300,h1,minVAF0.005,ISAV0,n1000,fp0.001,fn0.2,na0.05,d0,l1000000,fastme_v2.1.5_wrootx_wmuts,1000,99,206,64,171,0.117854
simNo7,s100,m300,h1,minVAF0.005,ISAV0,n300,fp0.001,fn0.05,na0.05,d0,l1000000,fastme_v2.1.5_wrootx_wmuts,300,84,121,7,44,0.085859
simNo7,s100,m300,h1,minVAF0.005,ISAV0,n300,fp0.001,fn0.2,na0.05,d0,l1000000,fastme_v2.1.5_wrootx_wmuts,300,84,138,35,89,0.208754
simNo8,s100,m1000,h1,minVAF0.005,ISAV0,n300,fp0.001,fn0.05,na0.05,d0,l1000000,fastme_v2.1.5_wrootx_wmuts,300,90,170,0,80,0.134680
simNo8,s100,m1000,h1,minVAF0.005,ISAV0,n300,fp0.001,fn0.2,na0.05,d0,l1000000,fastme_v2.1.5_wrootx_wmuts,300,90,180,5,95,0.168350
simNo8,s100,m300,h1,minVAF0.005,ISAV0,n1000,fp0.001,fn0.05,na0.05,d0,l1000000,fastme_v2.1.5_wrootx_wmuts,1000,99,212,19,132,0.075727
simNo8,s100,m300,h1,minVAF0.005,ISAV0,n1000,fp0.001,fn0.2,na0.05,d0,l1000000,fastme_v2.1.5_wrootx_wmuts,1000,99,202,58,161,0.109829
simNo8,s100,m300,h1,minVAF0.005,ISAV0,n300,fp0.001,fn0.05,na0.05,d0,l1000000,fastme_v2.1.5_wrootx_wmuts,300,86,133,8,55,0.106061
simNo8,s100,m300,h1,minVAF0.005,ISAV0,n300,fp0.001,fn0.2,na0.05,d0,l1000000,fastme_v2.1.5_wrootx_wmuts,300,86,125,26,65,0.153199
simNo9,s100,m1000,h1,minVAF0.005,ISAV0,n300,fp0.001,fn0.05,na0.05,d0,l1000000,fastme_v2.1.5_wrootx_wmuts,300,86,152,0,66,0.111111
simNo9,s100,m1000,h1,minVAF0.005,ISAV0,n300,fp0.001,fn0.2,na0.05,d0,l1000000,fastme_v2.1.5_wrootx_wmuts,300,86,169,3,86,0.149832
simNo9,s100,m300,h1,minVAF0.005,ISAV0,n1000,fp0.001,fn0.05,na0.05,d0,l1000000,fastme_v2.1.5_wrootx_wmuts,1000,99,200,23,124,0.073721
simNo9,s100,m300,h1,minVAF0.005,ISAV0,n1000,fp0.001,fn0.2,na0.05,d0,l1000000,fastme_v2.1.5_wrootx_wmuts,1000,99,214,64,179,0.121866
simNo9,s100,m300,h1,minVAF0.005,ISAV0,n300,fp0.001,fn0.05,na0.05,d0,l1000000,fastme_v2.1.5_wrootx_wmuts,300,86,132,8,54,0.104377
simNo9,s100,m300,h1,minVAF0.005,ISAV0,n300,fp0.001,fn0.2,na0.05,d0,l1000000,fastme_v2.1.5_wrootx_wmuts,300,86,147,26,87,0.190236
simNo10,s100,m1000,h1,minVAF0.005,ISAV0,n300,fp0.001,fn0.05,na0.05,d0,l1000000,huntress_v0.1.2.0_default,300,87,136,2,51,0.089226
simNo10,s100,m1000,h1,minVAF0.005,ISAV0,n300,fp0.001,fn0.2,na0.05,d0,l1000000,huntress_v0.1.2.0_default,300,87,174,10,97,0.180135
simNo10,s100,m300,h1,minVAF0.005,ISAV0,n1000,fp0.001,fn0.05,na0.05,d0,l1000000,huntress_v0.1.2.0_default,1000,99,139,17,57,0.037111
simNo10,s100,m300,h1,minVAF0.005,ISAV0,n1000,fp0.001,fn0.2,na0.05,d0,l1000000,huntress_v0.1.2.0_default,1000,99,206,35,142,0.088766
simNo10,s100,m300,h1,minVAF0.005,ISAV0,n300,fp0.001,fn0.05,na0.05,d0,l1000000,huntress_v0.1.2.0_default,300,81,102,8,29,0.062290
simNo10,s100,m300,h1,minVAF0.005,ISAV0,n300,fp0.001,fn0.2,na0.05,d0,l1000000,huntress_v0.1.2.0_default,300,81,128,27,74,0.170034
simNo1,s100,m1000,h1,minVAF0.005,ISAV0,n300,fp0.001,fn0.05,na0.05,d0,l1000000,huntress_v0.1.2.0_default,300,88,128,3,43,0.077441
simNo1,s100,m1000,h1,minVAF0.005,ISAV0,n300,fp0.001,fn0.2,na0.05,d0,l1000000,huntress_v0.1.2.0_default,300,88,172,7,91,0.164983
simNo1,s100,m300,h1,minVAF0.005,ISAV0,n1000,fp0.001,fn0.05,na0.05,d0,l1000000,huntress_v0.1.2.0_default,1000,99,141,21,63,0.042126
simNo1,s100,m300,h1,minVAF0.005,ISAV0,n1000,fp0.001,fn0.2,na0.05,d0,l1000000,huntress_v0.1.2.0_default,1000,99,204,35,140,0.087763
simNo1,s100,m300,h1,minVAF0.005,ISAV0,n300,fp0.001,fn0.05,na0.05,d0,l1000000,huntress_v0.1.2.0_default,300,84,103,22,41,0.106061
simNo1,s100,m300,h1,minVAF0.005,ISAV0,n300,fp0.001,fn0.2,na0.05,d0,l1000000,huntress_v0.1.2.0_default,300,84,125,17,58,0.126263
simNo2,s100,m1000,h1,minVAF0.005,ISAV0,n300,fp0.001,fn0.05,na0.05,d0,l1000000,huntress_v0.1.2.0_default,300,84,126,6,48,0.090909
simNo2,s100,m1000,h1,minVAF0.005,ISAV0,n300,fp0.001,fn0.2,na0.05,d0,l1000000,huntress_v0.1.2.0_default,300,84,164,7,87,0.158249
simNo2,s100,m300,h1,minVAF0.005,ISAV0,n1000,fp0.001,fn0.05,na0.05,d0,l1000000,huntress_v0.1.2.0_default,1000,99,163,14,78,0.046138
simNo2,s100,m300,h1,minVAF0.005,ISAV0,n1000,fp0.001,fn0.2,na0.05,d0,l1000000,huntress_v0.1.2.0_default,1000,99,206,37,144,0.090772
simNo2,s100,m300,h1,minVAF0.005,ISAV0,n300,fp0.001,fn0.05,na0.05,d0,l1000000,huntress_v0.1.2.0_default,300,86,99,6,19,0.042088
simNo2,s100,m300,h1,minVAF0.005,ISAV0,n300,fp0.001,fn0.2,na0.05,d0,l1000000,huntress_v0.1.2.0_default,300,86,125,19,58,0.129630
simNo3,s100,m1000,h1,minVAF0.005,ISAV0,n300,fp0.001,fn0.05,na0.05,d0,l1000000,huntress_v0.1.2.0_default,300,90,128,5,43,0.080808
simNo3,s100,m1000,h1,minVAF0.005,ISAV0,n300,fp0.001,fn0.2,na0.05,d0,l1000000,huntress_v0.1.2.0_default,300,90,171,7,88,0.159933
simNo3,s100,m300,h1,minVAF0.005,ISAV0,n1000,fp0.001,fn0.05,na0.05,d0,l1000000,huntress_v0.1.2.0_default,1000,98,149,17,68,0.042628
simNo3,s100,m300,h1,minVAF0.005,ISAV0,n1000,fp0.001,fn0.2,na0.05,d0,l1000000,huntress_v0.1.2.0_default,1000,98,200,33,135,0.084253
simNo3,s100,m300,h1,minVAF0.005,ISAV0,n300,fp0.001,fn0.05,na0.05,d0,l1000000,huntress_v0.1.2.0_default,300,88,103,12,27,0.065657
simNo3,s100,m300,h1,minVAF0.005,ISAV0,n300,fp0.001,fn0.2,na0.05,d0,l1000000,huntress_v0.1.2.0_default,300,88,121,25,58,0.139731
simNo4,s100,m1000,h1,minVAF0.005,ISAV0,n300,fp0.001,fn0.05,na0.05,d0,l1000000,huntress_v0.1.2.0_default,300,85,124,2,41,0.072391
simNo4,s100,m1000,h1,minVAF0.005,ISAV0,n300,fp0.001,fn0.2,na0.05,d0,l1000000,huntress_v0.1.2.0_default,300,85,172,5,92,0.163300
simNo4,s100,m300,h1,minVAF0.005,ISAV0,n1000,fp0.001,fn0.05,na0.05,d0,l1000000,huntress_v0.1.2.0_default,1000,98,151,7,60,0.033601
simNo4,s100,m300,h1,minVAF0.005,ISAV0,n1000,fp0.001,fn0.2,na0.05,d0,l1000000,huntress_v0.1.2.0_default,1000,98,206,35,143,0.089268
simNo4,s100,m300,h1,minVAF0.005,ISAV0,n300,fp0.001,fn0.05,na0.05,d0,l1000000,huntress_v0.1.2.0_default,300,86,106,13,33,0.077441
simNo4,s100,m300,h1,minVAF0.005,ISAV0,n300,fp0.001,fn0.2,na0.05,d0,l1000000,huntress_v0.1.2.0_default,300,86,132,21,67,0.148148
simNo5,s100,m1000,h1,minVAF0.005,ISAV0,n300,fp0.001,fn0.05,na0.05,d0,l1000000,huntress_v0.1.2.0_default,300,85,113,1,29,0.050505
simNo5,s100,m1000,h1,minVAF0.005,ISAV0,n300,fp0.001,fn0.2,na0.05,d0,l1000000,huntress_v0.1.2.0_default,300,85,170,5,90,0.159933
simNo5,s100,m300,h1,minVAF0.005,ISAV0,n1000,fp0.001,fn0.05,na0.05,d0,l1000000,huntress_v0.1.2.0_default,1000,99,154,13,68,0.040622
simNo5,s100,m300,h1,minVAF0.005,ISAV0,n1000,fp0.001,fn0.2,na0.05,d0,l1000000,huntress_v0.1.2.0_default,1000,99,204,40,145,0.092778
simNo5,s100,m300,h1,minVAF0.005,ISAV0,n300,fp0.001,fn0.05,na0.05,d0,l1000000,huntress_v0.1.2.0_default,300,92,125,5,38,0.072391
simNo5,s100,m300,h1,minVAF0.005,ISAV0,n300,fp0.001,fn0.2,na0.05,d0,l1000000,huntress_v0.1.2.0_default,300,91,132,18,59,0.129630
simNo6,s100,m1000,h1,minVAF0.005,ISAV0,n300,fp0.001,fn0.05,na0.05,d0,l1000000,huntress_v0.1.2.0_default,300,83,127,0,44,0.074074
simNo6,s100,m1000,h1,minVAF0.005,ISAV0,n300,fp0.001,fn0.2,na0.05,d0,l1000000,huntress_v0.1.2.0_default,300,83,170,6,93,0.166667
simNo6,s100,m300,h1,minVAF0.005,ISAV0,n1000,fp0.001,fn0.05,na0.05,d0,l1000000,huntress_v0.1.2.0_default,1000,99,153,28,82,0.055165
simNo6,s100,m300,h1,minVAF0.005,ISAV0,n1000,fp0.001,fn0.2,na0.05,d0,l1000000,huntress_v0.1.2.0_default,1000,99,210,44,155,0.099799
simNo6,s100,m300,h1,minVAF0.005,ISAV0,n300,fp0.001,fn0.05,na0.05,d0,l1000000,huntress_v0.1.2.0_default,300,85,108,10,33,0.072391
simNo6,s100,m300,h1,minVAF0.005,ISAV0,n300,fp0.001,fn0.2,na0.05,d0,l1000000,huntress_v0.1.2.0_default,300,85,126,26,67,0.156566
simNo7,s100,m1000,h1,minVAF0.005,ISAV0,n300,fp0.001,fn0.05,na0.05,d0,l1000000,huntress_v0.1.2.0_default,300,85,134,0,49,0.082492
simNo7,s100,m1000,h1,minVAF0.005,ISAV0,n300,fp0.001,fn0.2,na0.05,d0,l1000000,huntress_v0.1.2.0_default,300,85,164,7,86,0.156566
simNo7,s100,m300,h1,minVAF0.005,ISAV0,n1000,fp0.001,fn0.05,na0.05,d0,l1000000,huntress_v0.1.2.0_default,1000,99,157,12,70,0.041123
simNo7,s100,m300,h1,minVAF0.005,ISAV0,n1000,fp0.001,fn0.2,na0.05,d0,l1000000,huntress_v0.1.2.0_default,1000,99,196,40,137,0.088766
simNo7,s100,m300,h1,minVAF0.005,ISAV0,n300,fp0.001,fn0.05,na0.05,d0,l1000000,huntress_v0.1.2.0_default,300,84,103,13,32,0.075758
simNo7,s100,m300,h1,minVAF0.005,ISAV0,n300,fp0.001,fn0.2,na0.05,d0,l1000000,huntress_v0.1.2.0_default,300,84,135,20,71,0.153199
simNo8,s100,m1000,h1,minVAF0.005,ISAV0,n300,fp0.001,fn0.05,na0.05,d0,l1000000,huntress_v0.1.2.0_default,300,90,132,2,44,0.077441
simNo8,s100,m1000,h1,minVAF0.005,ISAV0,n300,fp0.001,fn0.2,na0.05,d0,l1000000,huntress_v0.1.2.0_default,300,90,174,6,90,0.161616
simNo8,s100,m300,h1,minVAF0.005,ISAV0,n1000,fp0.001,fn0.05,na0.05,d0,l1000000,huntress_v0.1.2.0_default,1000,99,145,13,59,0.036108
simNo8,s100,m300,h1,minVAF0.005,ISAV0,n1000,fp0.001,fn0.2,na0.05,d0,l1000000,huntress_v0.1.2.0_default,1000,99,198,38,137,0.087763
simNo8,s100,m300,h1,minVAF0.005,ISAV0,n300,fp0.001,fn0.05,na0.05,d0,l1000000,huntress_v0.1.2.0_default,300,86,111,11,36,0.079125
simNo8,s100,m300,h1,minVAF0.005,ISAV0,n300,fp0.001,fn0.2,na0.05,d0,l1000000,huntress_v0.1.2.0_default,300,86,134,20,68,0.148148
simNo9,s100,m1000,h1,minVAF0.005,ISAV0,n300,fp0.001,fn0.05,na0.05,d0,l1000000,huntress_v0.1.2.0_default,300,86,120,2,36,0.063973
simNo9,s100,m1000,h1,minVAF0.005,ISAV0,n300,fp0.001,fn0.2,na0.05,d0,l1000000,huntress_v0.1.2.0_default,300,86,173,8,95,0.173401
simNo9,s100,m300,h1,minVAF0.005,ISAV0,n1000,fp0.001,fn0.05,na0.05,d0,l1000000,huntress_v0.1.2.0_default,1000,99,151,19,71,0.045135
simNo9,s100,m300,h1,minVAF0.005,ISAV0,n1000,fp0.001,fn0.2,na0.05,d0,l1000000,huntress_v0.1.2.0_default,1000,99,193,43,137,0.090271
simNo9,s100,m300,h1,minVAF0.005,ISAV0,n300,fp0.001,fn0.05,na0.05,d0,l1000000,huntress_v0.1.2.0_default,300,86,109,7,30,0.062290
simNo9,s100,m300,h1,minVAF0.005,ISAV0,n300,fp0.001,fn0.2,na0.05,d0,l1000000,huntress_v0.1.2.0_default,300,86,127,23,64,0.146465
simNo10,s100,m1000,h1,minVAF0.005,ISAV0,n300,fp0.001,fn0.05,na0.05,d0,l1000000,scistree_v1.2.0.6,300,87,297,1,211,0.356902
simNo10,s100,m1000,h1,minVAF0.005,ISAV0,n300,fp0.001,fn0.2,na0.05,d0,l1000000,scistree_v1.2.0.6,300,87,297,6,216,0.373737
simNo10,s100,m300,h1,minVAF0.005,ISAV0,n1000,fp0.001,fn0.05,na0.05,d0,l1000000,scistree_v1.2.0.6,1000,99,997,32,930,0.482447
simNo10,s100,m300,h1,minVAF0.005,ISAV0,n1000,fp0.001,fn0.2,na0.05,d0,l1000000,scistree_v1.2.0.6,1000,99,997,62,960,0.512538
simNo10,s100,m300,h1,minVAF0.005,ISAV0,n300,fp0.001,fn0.05,na0.05,d0,l1000000,scistree_v1.2.0.6,300,81,297,14,230,0.410774
simNo10,s100,m300,h1,minVAF0.005,ISAV0,n300,fp0.001,fn0.2,na0.05,d0,l1000000,scistree_v1.2.0.6,300,81,297,35,251,0.481481
simNo1,s100,m1000,h1,minVAF0.005,ISAV0,n300,fp0.001,fn0.05,na0.05,d0,l1000000,scistree_v1.2.0.6,300,88,297,1,210,0.355219
simNo1,s100,m1000,h1,minVAF0.005,ISAV0,n300,fp0.001,fn0.2,na0.05,d0,l1000000,scistree_v1.2.0.6,300,88,297,0,209,0.351852
simNo1,s100,m300,h1,minVAF0.005,ISAV0,n1000,fp0.001,fn0.05,na0.05,d0,l1000000,scistree_v1.2.0.6,1000,99,997,37,935,0.487462
simNo1,s100,m300,h1,minVAF0.005,ISAV0,n1000,fp0.001,fn0.2,na0.05,d0,l1000000,scistree_v1.2.0.6,1000,99,997,68,966,0.518556
simNo1,s100,m300,h1,minVAF0.005,ISAV0,n300,fp0.001,fn0.05,na0.05,d0,l1000000,scistree_v1.2.0.6,300,84,297,14,227,0.405724
simNo1,s100,m300,h1,minVAF0.005,ISAV0,n300,fp0.001,fn0.2,na0.05,d0,l1000000,scistree_v1.2.0.6,300,84,297,32,245,0.466330
simNo2,s100,m1000,h1,minVAF0.005,ISAV0,n300,fp0.001,fn0.05,na0.05,d0,l1000000,scistree_v1.2.0.6,300,84,297,0,213,0.358586
simNo2,s100,m1000,h1,minVAF0.005,ISAV0,n300,fp0.001,fn0.2,na0.05,d0,l1000000,scistree_v1.2.0.6,300,84,297,2,215,0.365320
simNo2,s100,m300,h1,minVAF0.005,ISAV0,n1000,fp0.001,fn0.05,na0.05,d0,l1000000,scistree_v1.2.0.6,1000,99,997,34,932,0.484453
simNo2,s100,m300,h1,minVAF0.005,ISAV0,n1000,fp0.001,fn0.2,na0.05,d0,l1000000,scistree_v1.2.0.6,1000,99,997,65,963,0.515547
simNo2,s100,m300,h1,minVAF0.005,ISAV0,n300,fp0.001,fn0.05,na0.05,d0,l1000000,scistree_v1.2.0.6,300,86,297,10,221,0.388889
simNo2,s100,m300,h1,minVAF0.005,ISAV0,n300,fp0.001,fn0.2,na0.05,d0,l1000000,scistree_v1.2.0.6,300,86,297,41,252,0.493266
simNo3,s100,m1000,h1,minVAF0.005,ISAV0,n300,fp0.001,fn0.05,na0.05,d0,l1000000,scistree_v1.2.0.6,300,90,297,0,207,0.348485
simNo3,s100,m1000,h1,minVAF0.005,ISAV0,n300,fp0.001,fn0.2,na0.05,d0,l1000000,scistree_v1.2.0.6,300,90,297,1,208,0.351852
simNo3,s100,m300,h1,minVAF0.005,ISAV0,n1000,fp0.001,fn0.05,na0.05,d0,l1000000,scistree_v1.2.0.6,1000,98,997,22,921,0.472919
simNo3,s100,m300,h1,minVAF0.005,ISAV0,n1000,fp0.001,fn0.2,na0.05,d0,l1000000,scistree_v1.2.0.6,1000,98,997,79,978,0.530090
simNo3,s100,m300,h1,minVAF0.005,ISAV0,n300,fp0.001,fn0.05,na0.05,d0,l1000000,scistree_v1.2.0.6,300,88,297,16,225,0.405724
simNo3,s100,m300,h1,minVAF0.005,ISAV0,n300,fp0.001,fn0.2,na0.05,d0,l1000000,scistree_v1.2.0.6,300,88,297,31,240,0.456229
simNo4,s100,m1000,h1,minVAF0.005,ISAV0,n300,fp0.001,fn0.05,na0.05,d0,l1000000,scistree_v1.2.0.6,300,85,297,0,212,0.356902
simNo4,s100,m1000,h1,minVAF0.005,ISAV0,n300,fp0.001,fn0.2,na0.05,d0,l1000000,scistree_v1.2.0.6,300,85,297,6,218,0.377104
simNo4,s100,m300,h1,minVAF0.005,ISAV0,n1000,fp0.001,fn0.05,na0.05,d0,l1000000,scistree_v1.2.0.6,1000,98,997,29,928,0.479940
simNo4,s100,m300,h1,minVAF0.005,ISAV0,n1000,fp0.001,fn0.2,na0.05,d0,l1000000,scistree_v1.2.0.6,1000,98,997,66,965,0.517051
simNo4,s100,m300,h1,minVAF0.005,ISAV0,n300,fp0.001,fn0.05,na0.05,d0,l1000000,scistree_v1.2.0.6,300,86,297,16,227,0.409091
simNo4,s100,m300,h1,minVAF0.005,ISAV0,n300,fp0.001,fn0.2,na0.05,d0,l1000000,scistree_v1.2.0.6,300,86,297,25,236,0.439394
simNo5,s100,m1000,h1,minVAF0.005,ISAV0,n300,fp0.001,fn0.05,na0.05,d0,l1000000,scistree_v1.2.0.6,300,85,297,0,212,0.356902
simNo5,s100,m1000,h1,minVAF0.005,ISAV0,n300,fp0.001,fn0.2,na0.05,d0,l1000000,scistree_v1.2.0.6,300,85,297,1,213,0.360269
simNo5,s100,m300,h1,minVAF0.005,ISAV0,n1000,fp0.001,fn0.05,na0.05,d0,l1000000,scistree_v1.2.0.6,1000,99,997,29,927,0.479438
simNo5,s100,m300,h1,minVAF0.005,ISAV0,n1000,fp0.001,fn0.2,na0.05,d0,l1000000,scistree_v1.2.0.6,1000,99,997,67,965,0.517553
simNo5,s100,m300,h1,minVAF0.005,ISAV0,n300,fp0.001,fn0.05,na0.05,d0,l1000000,scistree_v1.2.0.6,300,92,297,6,211,0.365320
simNo5,s100,m300,h1,minVAF0.005,ISAV0,n300,fp0.001,fn0.2,na0.05,d0,l1000000,scistree_v1.2.0.6,300,91,297,28,234,0.441077
simNo6,s100,m1000,h1,minVAF0.005,ISAV0,n300,fp0.001,fn0.05,na0.05,d0,l1000000,scistree_v1.2.0.6,300,83,297,0,214,0.360269
simNo6,s100,m1000,h1,minVAF0.005,ISAV0,n300,fp0.001,fn0.2,na0.05,d0,l1000000,scistree_v1.2.0.6,300,83,297,1,215,0.363636
simNo6,s100,m300,h1,minVAF0.005,ISAV0,n1000,fp0.001,fn0.05,na0.05,d0,l1000000,scistree_v1.2.0.6,1000,99,997,42,940,0.492477
simNo6,s100,m300,h1,minVAF0.005,ISAV0,n1000,fp0.001,fn0.2,na0.05,d0,l1000000,scistree_v1.2.0.6,1000,99,997,66,964,0.516550
simNo6,s100,m300,h1,minVAF0.005,ISAV0,n300,fp0.001,fn0.05,na0.05,d0,l1000000,scistree_v1.2.0.6,300,85,297,6,218,0.377104
simNo6,s100,m300,h1,minVAF0.005,ISAV0,n300,fp0.001,fn0.2,na0.05,d0,l1000000,scistree_v1.2.0.6,300,85,297,28,240,0.451178
simNo7,s100,m1000,h1,minVAF0.005,ISAV0,n300,fp0.001,fn0.05,na0.05,d0,l1000000,scistree_v1.2.0.6,300,85,297,0,212,0.356902
simNo7,s100,m1000,h1,minVAF0.005,ISAV0,n300,fp0.001,fn0.2,na0.05,d0,l1000000,scistree_v1.2.0.6,300,85,297,4,216,0.370370
simNo7,s100,m300,h1,minVAF0.005,ISAV0,n1000,fp0.001,fn0.05,na0.05,d0,l1000000,scistree_v1.2.0.6,1000,99,997,30,928,0.480441
simNo7,s100,m300,h1,minVAF0.005,ISAV0,n1000,fp0.001,fn0.2,na0.05,d0,l1000000,scistree_v1.2.0.6,1000,99,997,74,972,0.524574
simNo7,s100,m300,h1,minVAF0.005,ISAV0,n300,fp0.001,fn0.05,na0.05,d0,l1000000,scistree_v1.2.0.6,300,84,297,16,229,0.412458
simNo7,s100,m300,h1,minVAF0.005,ISAV0,n300,fp0.001,fn0.2,na0.05,d0,l1000000,scistree_v1.2.0.6,300,84,297,34,247,0.473064
simNo8,s100,m1000,h1,minVAF0.005,ISAV0,n300,fp0.001,fn0.05,na0.05,d0,l1000000,scistree_v1.2.0.6,300,90,297,1,208,0.351852
simNo8,s100,m1000,h1,minVAF0.005,ISAV0,n300,fp0.001,fn0.2,na0.05,d0,l1000000,scistree_v1.2.0.6,300,90,297,4,211,0.361953
simNo8,s100,m300,h1,minVAF0.005,ISAV0,n1000,fp0.001,fn0.05,na0.05,d0,l1000000,scistree_v1.2.0.6,1000,99,997,33,931,0.483450
simNo8,s100,m300,h1,minVAF0.005,ISAV0,n1000,fp0.001,fn0.2,na0.05,d0,l1000000,scistree_v1.2.0.6,1000,99,997,63,961,0.513541
simNo8,s100,m300,h1,minVAF0.005,ISAV0,n300,fp0.001,fn0.05,na0.05,d0,l1000000,scistree_v1.2.0.6,300,86,297,18,229,0.415825
simNo8,s100,m300,h1,minVAF0.005,ISAV0,n300,fp0.001,fn0.2,na0.05,d0,l1000000,scistree_v1.2.0.6,300,86,297,31,242,0.459596
simNo9,s100,m1000,h1,minVAF0.005,ISAV0,n300,fp0.001,fn0.05,na0.05,d0,l1000000,scistree_v1.2.0.6,300,86,297,0,211,0.355219
simNo9,s100,m1000,h1,minVAF0.005,ISAV0,n300,fp0.001,fn0.2,na0.05,d0,l1000000,scistree_v1.2.0.6,300,86,297,2,213,0.361953
simNo9,s100,m300,h1,minVAF0.005,ISAV0,n1000,fp0.001,fn0.05,na0.05,d0,l1000000,scistree_v1.2.0.6,1000,99,997,30,928,0.480441
simNo9,s100,m300,h1,minVAF0.005,ISAV0,n1000,fp0.001,fn0.2,na0.05,d0,l1000000,scistree_v1.2.0.6,1000,99,997,66,964,0.516550
simNo9,s100,m300,h1,minVAF0.005,ISAV0,n300,fp0.001,fn0.05,na0.05,d0,l1000000,scistree_v1.2.0.6,300,86,297,12,223,0.395623
simNo9,s100,m300,h1,minVAF0.005,ISAV0,n300,fp0.001,fn0.2,na0.05,d0,l1000000,scistree_v1.2.0.6,300,86,297,30,241,0.456229
simNo10,s100,m1000,h1,minVAF0.005,ISAV0,n300,fp0.001,fn0.05,na0.05,d0,l1000000,scistree_v1.2.0.6_wmuts,300,87,160,1,74,0.126263
simNo10,s100,m1000,h1,minVAF0.005,ISAV0,n300,fp0.001,fn0.2,na0.05,d0,l1000000,scistree_v1.2.0.6_wmuts,300,87,194,6,113,0.200337
simNo10,s100,m300,h1,minVAF0.005,ISAV0,n1000,fp0.001,fn0.05,na0.05,d0,l1000000,scistree_v1.2.0.6_wmuts,1000,99,144,32,77,0.054664
simNo10,s100,m300,h1,minVAF0.005,ISAV0,n1000,fp0.001,fn0.2,na0.05,d0,l1000000,scistree_v1.2.0.6_wmuts,1000,99,211,62,174,0.118355
simNo10,s100,m300,h1,minVAF0.005,ISAV0,n300,fp0.001,fn0.05,na0.05,d0,l1000000,scistree_v1.2.0.6_wmuts,300,81,105,14,38,0.087542
simNo10,s100,m300,h1,minVAF0.005,ISAV0,n300,fp0.001,fn0.2,na0.05,d0,l1000000,scistree_v1.2.0.6_wmuts,300,81,136,36,91,0.213805
simNo1,s100,m1000,h1,minVAF0.005,ISAV0,n300,fp0.001,fn0.05,na0.05,d0,l1000000,scistree_v1.2.0.6_wmuts,300,88,154,1,67,0.114478
simNo1,s100,m1000,h1,minVAF0.005,ISAV0,n300,fp0.001,fn0.2,na0.05,d0,l1000000,scistree_v1.2.0.6_wmuts,300,88,195,0,107,0.180135
simNo1,s100,m300,h1,minVAF0.005,ISAV0,n1000,fp0.001,fn0.05,na0.05,d0,l1000000,scistree_v1.2.0.6_wmuts,1000,99,144,37,82,0.059679
simNo1,s100,m300,h1,minVAF0.005,ISAV0,n1000,fp0.001,fn0.2,na0.05,d0,l1000000,scistree_v1.2.0.6_wmuts,1000,99,203,70,174,0.122367
simNo1,s100,m300,h1,minVAF0.005,ISAV0,n300,fp0.001,fn0.05,na0.05,d0,l1000000,scistree_v1.2.0.6_wmuts,300,84,108,14,38,0.087542
simNo1,s100,m300,h1,minVAF0.005,ISAV0,n300,fp0.001,fn0.2,na0.05,d0,l1000000,scistree_v1.2.0.6_wmuts,300,84,137,32,85,0.196970
simNo2,s100,m1000,h1,minVAF0.005,ISAV0,n300,fp0.001,fn0.05,na0.05,d0,l1000000,scistree_v1.2.0.6_wmuts,300,84,148,0,64,0.107744
simNo2,s100,m1000,h1,minVAF0.005,ISAV0,n300,fp0.001,fn0.2,na0.05,d0,l1000000,scistree_v1.2.0.6_wmuts,300,84,193,2,111,0.190236
simNo2,s100,m300,h1,minVAF0.005,ISAV0,n1000,fp0.001,fn0.05,na0.05,d0,l1000000,scistree_v1.2.0.6_wmuts,1000,99,159,34,94,0.064193
simNo2,s100,m300,h1,minVAF0.005,ISAV0,n1000,fp0.001,fn0.2,na0.05,d0,l1000000,scistree_v1.2.0.6_wmuts,1000,99,211,66,178,0.122367
simNo2,s100,m300,h1,minVAF0.005,ISAV0,n300,fp0.001,fn0.05,na0.05,d0,l1000000,scistree_v1.2.0.6_wmuts,300,86,111,11,36,0.079125
simNo2,s100,m300,h1,minVAF0.005,ISAV0,n300,fp0.001,fn0.2,na0.05,d0,l1000000,scistree_v1.2.0.6_wmuts,300,86,136,41,91,0.222222
simNo3,s100,m1000,h1,minVAF0.005,ISAV0,n300,fp0.001,fn0.05,na0.05,d0,l1000000,scistree_v1.2.0.6_wmuts,300,90,146,0,56,0.094276
simNo3,s100,m1000,h1,minVAF0.005,ISAV0,n300,fp0.001,fn0.2,na0.05,d0,l1000000,scistree_v1.2.0.6_wmuts,300,90,185,1,96,0.163300
simNo3,s100,m300,h1,minVAF0.005,ISAV0,n1000,fp0.001,fn0.05,na0.05,d0,l1000000,scistree_v1.2.0.6_wmuts,1000,98,155,22,79,0.050652
simNo3,s100,m300,h1,minVAF0.005,ISAV0,n1000,fp0.001,fn0.2,na0.05,d0,l1000000,scistree_v1.2.0.6_wmuts,1000,98,200,81,183,0.132397
simNo3,s100,m300,h1,minVAF0.005,ISAV0,n300,fp0.001,fn0.05,na0.05,d0,l1000000,scistree_v1.2.0.6_wmuts,300,88,109,17,38,0.092593
simNo3,s100,m300,h1,minVAF0.005,ISAV0,n300,fp0.001,fn0.2,na0.05,d0,l1000000,scistree_v1.2.0.6_wmuts,300,88,135,32,79,0.186869
simNo4,s100,m1000,h1,minVAF0.005,ISAV0,n300,fp0.001,fn0.05,na0.05,d0,l1000000,scistree_v1.2.0.6_wmuts,300,85,141,0,56,0.094276
simNo4,s100,m1000,h1,minVAF0.005,ISAV0,n300,fp0.001,fn0.2,na0.05,d0,l1000000,scistree_v1.2.0.6_wmuts,300,85,191,6,112,0.198653
simNo4,s100,m300,h1,minVAF0.005,ISAV0,n1000,fp0.001,fn0.05,na0.05,d0,l1000000,scistree_v1.2.0.6_wmuts,1000,98,154,29,85,0.057172
simNo4,s100,m300,h1,minVAF0.005,ISAV0,n1000,fp0.001,fn0.2,na0.05,d0,l1000000,scistree_v1.2.0.6_wmuts,1000,98,199,66,167,0.116851
simNo4,s100,m300,h1,minVAF0.005,ISAV0,n300,fp0.001,fn0.05,na0.05,d0,l1000000,scistree_v1.2.0.6_wmuts,300,86,114,16,44,0.101010
simNo4,s100,m300,h1,minVAF0.005,ISAV0,n300,fp0.001,fn0.2,na0.05,d0,l1000000,scistree_v1.2.0.6_wmuts,300,86,138,25,77,0.171717
simNo5,s100,m1000,h1,minVAF0.005,ISAV0,n300,fp0.001,fn0.05,na0.05,d0,l1000000,scistree_v1.2.0.6_wmuts,300,85,141,0,56,0.094276
simNo5,s100,m1000,h1,minVAF0.005,ISAV0,n300,fp0.001,fn0.2,na0.05,d0,l1000000,scistree_v1.2.0.6_wmuts,300,85,187,1,103,0.175084
simNo5,s100,m300,h1,minVAF0.005,ISAV0,n1000,fp0.001,fn0.05,na0.05,d0,l1000000,scistree_v1.2.0.6_wmuts,1000,99,161,29,91,0.060181
simNo5,s100,m300,h1,minVAF0.005,ISAV0,n1000,fp0.001,fn0.2,na0.05,d0,l1000000,scistree_v1.2.0.6_wmuts,1000,99,206,67,174,0.120863
simNo5,s100,m300,h1,minVAF0.005,ISAV0,n300,fp0.001,fn0.05,na0.05,d0,l1000000,scistree_v1.2.0.6_wmuts,300,92,126,6,40,0.077441
simNo5,s100,m300,h1,minVAF0.005,ISAV0,n300,fp0.001,fn0.2,na0.05,d0,l1000000,scistree_v1.2.0.6_wmuts,300,91,141,28,78,0.178451
simNo6,s100,m1000,h1,minVAF0.005,ISAV0,n300,fp0.001,fn0.05,na0.05,d0,l1000000,scistree_v1.2.0.6_wmuts,300,83,143,0,60,0.101010
simNo6,s100,m1000,h1,minVAF0.005,ISAV0,n300,fp0.001,fn0.2,na0.05,d0,l1000000,scistree_v1.2.0.6_wmuts,300,83,198,1,116,0.196970
simNo6,s100,m300,h1,minVAF0.005,ISAV0,n1000,fp0.001,fn0.05,na0.05,d0,l1000000,scistree_v1.2.0.6_wmuts,1000,99,145,42,88,0.065196
simNo6,s100,m300,h1,minVAF0.005,ISAV0,n1000,fp0.001,fn0.2,na0.05,d0,l1000000,scistree_v1.2.0.6_wmuts,1000,99,195,66,162,0.114343
simNo6,s100,m300,h1,minVAF0.005,ISAV0,n300,fp0.001,fn0.05,na0.05,d0,l1000000,scistree_v1.2.0.6_wmuts,300,85,115,7,37,0.074074
simNo6,s100,m300,h1,minVAF0.005,ISAV0,n300,fp0.001,fn0.2,na0.05,d0,l1000000,scistree_v1.2.0.6_wmuts,300,85,141,29,85,0.191919
simNo7,s100,m1000,h1,minVAF0.005,ISAV0,n300,fp0.001,fn0.05,na0.05,d0,l1000000,scistree_v1.2.0.6_wmuts,300,85,146,0,61,0.102694
simNo7,s100,m1000,h1,minVAF0.005,ISAV0,n300,fp0.001,fn0.2,na0.05,d0,l1000000,scistree_v1.2.0.6_wmuts,300,85,198,4,117,0.203704
simNo7,s100,m300,h1,minVAF0.005,ISAV0,n1000,fp0.001,fn0.05,na0.05,d0,l1000000,scistree_v1.2.0.6_wmuts,1000,99,148,31,80,0.055667
simNo7,s100,m300,h1,minVAF0.005,ISAV0,n1000,fp0.001,fn0.2,na0.05,d0,l1000000,scistree_v1.2.0.6_wmuts,1000,99,206,74,181,0.127884
simNo7,s100,m300,h1,minVAF0.005,ISAV0,n300,fp0.001,fn0.05,na0.05,d0,l1000000,scistree_v1.2.0.6_wmuts,300,84,108,16,40,0.094276
simNo7,s100,m300,h1,minVAF0.005,ISAV0,n300,fp0.001,fn0.2,na0.05,d0,l1000000,scistree_v1.2.0.6_wmuts,300,84,138,34,88,0.205387
simNo8,s100,m1000,h1,minVAF0.005,ISAV0,n300,fp0.001,fn0.05,na0.05,d0,l1000000,scistree_v1.2.0.6_wmuts,300,90,145,1,56,0.095960
simNo8,s100,m1000,h1,minVAF0.005,ISAV0,n300,fp0.001,fn0.2,na0.05,d0,l1000000,scistree_v1.2.0.6_wmuts,300,90,194,4,108,0.188552
simNo8,s100,m300,h1,minVAF0.005,ISAV0,n1000,fp0.001,fn0.05,na0.05,d0,l1000000,scistree_v1.2.0.6_wmuts,1000,99,150,33,84,0.058676
simNo8,s100,m300,h1,minVAF0.005,ISAV0,n1000,fp0.001,fn0.2,na0.05,d0,l1000000,scistree_v1.2.0.6_wmuts,1000,99,200,63,164,0.113842
simNo8,s100,m300,h1,minVAF0.005,ISAV0,n300,fp0.001,fn0.05,na0.05,d0,l1000000,scistree_v1.2.0.6_wmuts,300,86,117,18,49,0.112795
simNo8,s100,m300,h1,minVAF0.005,ISAV0,n300,fp0.001,fn0.2,na0.05,d0,l1000000,scistree_v1.2.0.6_wmuts,300,86,129,32,75,0.180135
simNo9,s100,m1000,h1,minVAF0.005,ISAV0,n300,fp0.001,fn0.05,na0.05,d0,l1000000,scistree_v1.2.0.6_wmuts,300,86,132,0,46,0.077441
simNo9,s100,m1000,h1,minVAF0.005,ISAV0,n300,fp0.001,fn0.2,na0.05,d0,l1000000,scistree_v1.2.0.6_wmuts,300,86,188,2,104,0.178451
simNo9,s100,m300,h1,minVAF0.005,ISAV0,n1000,fp0.001,fn0.05,na0.05,d0,l1000000,scistree_v1.2.0.6_wmuts,1000,99,151,30,82,0.056169
simNo9,s100,m300,h1,minVAF0.005,ISAV0,n1000,fp0.001,fn0.2,na0.05,d0,l1000000,scistree_v1.2.0.6_wmuts,1000,99,189,66,156,0.111334
simNo9,s100,m300,h1,minVAF0.005,ISAV0,n300,fp0.001,fn0.05,na0.05,d0,l1000000,scistree_v1.2.0.6_wmuts,300,86,114,12,40,0.087542
simNo9,s100,m300,h1,minVAF0.005,ISAV0,n300,fp0.001,fn0.2,na0.05,d0,l1000000,scistree_v1.2.0.6_wmuts,300,86,143,30,87,0.196970
simNo10,s100,m1000,h1,minVAF0.005,ISAV0,n300,fp0.001,fn0.05,na0.05,d0,l1000000,treeqmcbip_v1.0.0_n2_wroot,300,87,297,0,210,0.353535
simNo10,s100,m1000,h1,minVAF0.005,ISAV0,n300,fp0.001,fn0.2,na0.05,d0,l1000000,treeqmcbip_v1.0.0_n2_wroot,300,87,297,6,216,0.373737
simNo10,s100,m300,h1,minVAF0.005,ISAV0,n1000,fp0.001,fn0.05,na0.05,d0,l1000000,treeqmcbip_v1.0.0_n2_wroot,1000,99,676,17,594,0.306419
simNo10,s100,m300,h1,minVAF0.005,ISAV0,n1000,fp0.001,fn0.2,na0.05,d0,l1000000,treeqmcbip_v1.0.0_n2_wroot,1000,99,933,60,894,0.478435
simNo10,s100,m300,h1,minVAF0.005,ISAV0,n300,fp0.001,fn0.05,na0.05,d0,l1000000,treeqmcbip_v1.0.0_n2_wroot,300,81,265,4,188,0.323232
simNo10,s100,m300,h1,minVAF0.005,ISAV0,n300,fp0.001,fn0.2,na0.05,d0,l1000000,treeqmcbip_v1.0.0_n2_wroot,300,81,289,33,241,0.461279
simNo1,s100,m1000,h1,minVAF0.005,ISAV0,n300,fp0.001,fn0.05,na0.05,d0,l1000000,treeqmcbip_v1.0.0_n2_wroot,300,88,297,1,210,0.355219
simNo1,s100,m1000,h1,minVAF0.005,ISAV0,n300,fp0.001,fn0.2,na0.05,d0,l1000000,treeqmcbip_v1.0.0_n2_wroot,300,88,297,5,214,0.368687
simNo1,s100,m300,h1,minVAF0.005,ISAV0,n1000,fp0.001,fn0.05,na0.05,d0,l1000000,treeqmcbip_v1.0.0_n2_wroot,1000,99,748,20,669,0.345537
simNo1,s100,m300,h1,minVAF0.005,ISAV0,n1000,fp0.001,fn0.2,na0.05,d0,l1000000,treeqmcbip_v1.0.0_n2_wroot,1000,99,954,61,916,0.489970
simNo1,s100,m300,h1,minVAF0.005,ISAV0,n300,fp0.001,fn0.05,na0.05,d0,l1000000,treeqmcbip_v1.0.0_n2_wroot,300,84,273,9,198,0.348485
simNo1,s100,m300,h1,minVAF0.005,ISAV0,n300,fp0.001,fn0.2,na0.05,d0,l1000000,treeqmcbip_v1.0.0_n2_wroot,300,84,292,29,237,0.447811
simNo2,s100,m1000,h1,minVAF0.005,ISAV0,n300,fp0.001,fn0.05,na0.05,d0,l1000000,treeqmcbip_v1.0.0_n2_wroot,300,84,296,0,212,0.356902
simNo2,s100,m1000,h1,minVAF0.005,ISAV0,n300,fp0.001,fn0.2,na0.05,d0,l1000000,treeqmcbip_v1.0.0_n2_wroot,300,84,297,3,216,0.368687
simNo2,s100,m300,h1,minVAF0.005,ISAV0,n1000,fp0.001,fn0.05,na0.05,d0,l1000000,treeqmcbip_v1.0.0_n2_wroot,1000,99,757,17,675,0.347041
simNo2,s100,m300,h1,minVAF0.005,ISAV0,n1000,fp0.001,fn0.2,na0.05,d0,l1000000,treeqmcbip_v1.0.0_n2_wroot,1000,99,959,59,919,0.490471
simNo2,s100,m300,h1,minVAF0.005,ISAV0,n300,fp0.001,fn0.05,na0.05,d0,l1000000,treeqmcbip_v1.0.0_n2_wroot,300,86,274,4,192,0.329966
simNo2,s100,m300,h1,minVAF0.005,ISAV0,n300,fp0.001,fn0.2,na0.05,d0,l1000000,treeqmcbip_v1.0.0_n2_wroot,300,86,296,33,243,0.464646
simNo3,s100,m1000,h1,minVAF0.005,ISAV0,n300,fp0.001,fn0.05,na0.05,d0,l1000000,treeqmcbip_v1.0.0_n2_wroot,300,90,294,0,204,0.343434
simNo3,s100,m1000,h1,minVAF0.005,ISAV0,n300,fp0.001,fn0.2,na0.05,d0,l1000000,treeqmcbip_v1.0.0_n2_wroot,300,90,295,0,205,0.345118
simNo3,s100,m300,h1,minVAF0.005,ISAV0,n1000,fp0.001,fn0.05,na0.05,d0,l1000000,treeqmcbip_v1.0.0_n2_wroot,1000,98,736,15,653,0.335005
simNo3,s100,m300,h1,minVAF0.005,ISAV0,n1000,fp0.001,fn0.2,na0.05,d0,l1000000,treeqmcbip_v1.0.0_n2_wroot,1000,98,946,61,909,0.486459
simNo3,s100,m300,h1,minVAF0.005,ISAV0,n300,fp0.001,fn0.05,na0.05,d0,l1000000,treeqmcbip_v1.0.0_n2_wroot,300,88,262,9,183,0.323232
simNo3,s100,m300,h1,minVAF0.005,ISAV0,n300,fp0.001,fn0.2,na0.05,d0,l1000000,treeqmcbip_v1.0.0_n2_wroot,300,88,296,31,239,0.454545
simNo4,s100,m1000,h1,minVAF0.005,ISAV0,n300,fp0.001,fn0.05,na0.05,d0,l1000000,treeqmcbip_v1.0.0_n2_wroot,300,85,297,0,212,0.356902
simNo4,s100,m1000,h1,minVAF0.005,ISAV0,n300,fp0.001,fn0.2,na0.05,d0,l1000000,treeqmcbip_v1.0.0_n2_wroot,300,85,297,6,218,0.377104
simNo4,s100,m300,h1,minVAF0.005,ISAV0,n1000,fp0.001,fn0.05,na0.05,d0,l1000000,treeqmcbip_v1.0.0_n2_wroot,1000,98,707,9,618,0.314443
simNo4,s100,m300,h1,minVAF0.005,ISAV0,n1000,fp0.001,fn0.2,na0.05,d0,l1000000,treeqmcbip_v1.0.0_n2_wroot,1000,98,938,55,895,0.476429
simNo4,s100,m300,h1,minVAF0.005,ISAV0,n300,fp0.001,fn0.05,na0.05,d0,l1000000,treeqmcbip_v1.0.0_n2_wroot,300,86,262,6,182,0.316498
simNo4,s100,m300,h1,minVAF0.005,ISAV0,n300,fp0.001,fn0.2,na0.05,d0,l1000000,treeqmcbip_v1.0.0_n2_wroot,300,86,277,27,218,0.412458
simNo5,s100,m1000,h1,minVAF0.005,ISAV0,n300,fp0.001,fn0.05,na0.05,d0,l1000000,treeqmcbip_v1.0.0_n2_wroot,300,85,297,0,212,0.356902
simNo5,s100,m1000,h1,minVAF0.005,ISAV0,n300,fp0.001,fn0.2,na0.05,d0,l1000000,treeqmcbip_v1.0.0_n2_wroot,300,85,295,7,217,0.377104
simNo5,s100,m300,h1,minVAF0.005,ISAV0,n1000,fp0.001,fn0.05,na0.05,d0,l1000000,treeqmcbip_v1.0.0_n2_wroot,1000,99,763,14,678,0.347041
simNo5,s100,m300,h1,minVAF0.005,ISAV0,n1000,fp0.001,fn0.2,na0.05,d0,l1000000,treeqmcbip_v1.0.0_n2_wroot,1000,99,944,58,903,0.481946
simNo5,s100,m300,h1,minVAF0.005,ISAV0,n300,fp0.001,fn0.05,na0.05,d0,l1000000,treeqmcbip_v1.0.0_n2_wroot,300,92,275,3,186,0.318182
simNo5,s100,m300,h1,minVAF0.005,ISAV0,n300,fp0.001,fn0.2,na0.05,d0,l1000000,treeqmcbip_v1.0.0_n2_wroot,300,91,295,31,235,0.447811
simNo6,s100,m1000,h1,minVAF0.005,ISAV0,n300,fp0.001,fn0.05,na0.05,d0,l1000000,treeqmcbip_v1.0.0_n2_wroot,300,83,297,0,214,0.360269
simNo6,s100,m1000,h1,minVAF0.005,ISAV0,n300,fp0.001,fn0.2,na0.05,d0,l1000000,treeqmcbip_v1.0.0_n2_wroot,300,83,296,4,217,0.372054
simNo6,s100,m300,h1,minVAF0.005,ISAV0,n1000,fp0.001,fn0.05,na0.05,d0,l1000000,treeqmcbip_v1.0.0_n2_wroot,1000,99,742,20,663,0.342528
simNo6,s100,m300,h1,minVAF0.005,ISAV0,n1000,fp0.001,fn0.2,na0.05,d0,l1000000,treeqmcbip_v1.0.0_n2_wroot,1000,99,949,64,914,0.490471
simNo6,s100,m300,h1,minVAF0.005,ISAV0,n300,fp0.001,fn0.05,na0.05,d0,l1000000,treeqmcbip_v1.0.0_n2_wroot,300,85,261,6,182,0.316498
simNo6,s100,m300,h1,minVAF0.005,ISAV0,n300,fp0.001,fn0.2,na0.05,d0,l1000000,treeqmcbip_v1.0.0_n2_wroot,300,85,288,26,229,0.429293
simNo7,s100,m1000,h1,minVAF0.005,ISAV0,n300,fp0.001,fn0.05,na0.05,d0,l1000000,treeqmcbip_v1.0.0_n2_wroot,300,85,296,0,211,0.355219
simNo7,s100,m1000,h1,minVAF0.005,ISAV0,n300,fp0.001,fn0.2,na0.05,d0,l1000000,treeqmcbip_v1.0.0_n2_wroot,300,85,297,4,216,0.370370
simNo7,s100,m300,h1,minVAF0.005,ISAV0,n1000,fp0.001,fn0.05,na0.05,d0,l1000000,treeqmcbip_v1.0.0_n2_wroot,1000,99,733,8,642,0.325978
simNo7,s100,m300,h1,minVAF0.005,ISAV0,n1000,fp0.001,fn0.2,na0.05,d0,l1000000,treeqmcbip_v1.0.0_n2_wroot,1000,99,955,70,926,0.499498
simNo7,s100,m300,h1,minVAF0.005,ISAV0,n300,fp0.001,fn0.05,na0.05,d0,l1000000,treeqmcbip_v1.0.0_n2_wroot,300,84,270,11,197,0.350168
simNo7,s100,m300,h1,minVAF0.005,ISAV0,n300,fp0.001,fn0.2,na0.05,d0,l1000000,treeqmcbip_v1.0.0_n2_wroot,300,84,291,24,231,0.429293
simNo8,s100,m1000,h1,minVAF0.005,ISAV0,n300,fp0.001,fn0.05,na0.05,d0,l1000000,treeqmcbip_v1.0.0_n2_wroot,300,90,295,0,205,0.345118
simNo8,s100,m1000,h1,minVAF0.005,ISAV0,n300,fp0.001,fn0.2,na0.05,d0,l1000000,treeqmcbip_v1.0.0_n2_wroot,300,90,295,6,211,0.365320
simNo8,s100,m300,h1,minVAF0.005,ISAV0,n1000,fp0.001,fn0.05,na0.05,d0,l1000000,treeqmcbip_v1.0.0_n2_wroot,1000,99,711,12,624,0.318957
simNo8,s100,m300,h1,minVAF0.005,ISAV0,n1000,fp0.001,fn0.2,na0.05,d0,l1000000,treeqmcbip_v1.0.0_n2_wroot,1000,99,942,57,900,0.479940
simNo8,s100,m300,h1,minVAF0.005,ISAV0,n300,fp0.001,fn0.05,na0.05,d0,l1000000,treeqmcbip_v1.0.0_n2_wroot,300,86,274,7,195,0.340067
simNo8,s100,m300,h1,minVAF0.005,ISAV0,n300,fp0.001,fn0.2,na0.05,d0,l1000000,treeqmcbip_v1.0.0_n2_wroot,300,86,293,29,236,0.446128
simNo9,s100,m1000,h1,minVAF0.005,ISAV0,n300,fp0.001,fn0.05,na0.05,d0,l1000000,treeqmcbip_v1.0.0_n2_wroot,300,86,295,0,209,0.351852
simNo9,s100,m1000,h1,minVAF0.005,ISAV0,n300,fp0.001,fn0.2,na0.05,d0,l1000000,treeqmcbip_v1.0.0_n2_wroot,300,86,297,3,214,0.365320
simNo9,s100,m300,h1,minVAF0.005,ISAV0,n1000,fp0.001,fn0.05,na0.05,d0,l1000000,treeqmcbip_v1.0.0_n2_wroot,1000,99,742,15,658,0.337513
simNo9,s100,m300,h1,minVAF0.005,ISAV0,n1000,fp0.001,fn0.2,na0.05,d0,l1000000,treeqmcbip_v1.0.0_n2_wroot,1000,99,945,64,910,0.488465
simNo9,s100,m300,h1,minVAF0.005,ISAV0,n300,fp0.001,fn0.05,na0.05,d0,l1000000,treeqmcbip_v1.0.0_n2_wroot,300,86,273,6,193,0.335017
simNo9,s100,m300,h1,minVAF0.005,ISAV0,n300,fp0.001,fn0.2,na0.05,d0,l1000000,treeqmcbip_v1.0.0_n2_wroot,300,86,296,21,231,0.424242
simNo10,s100,m1000,h1,minVAF0.005,ISAV0,n300,fp0.001,fn0.05,na0.05,d0,l1000000,treeqmcbip_v1.0.0_n2_wrootx_wmuts,300,87,164,0,77,0.129630
simNo10,s100,m1000,h1,minVAF0.005,ISAV0,n300,fp0.001,fn0.2,na0.05,d0,l1000000,treeqmcbip_v1.0.0_n2_wrootx_wmuts,300,87,179,6,98,0.175084
simNo10,s100,m300,h1,minVAF0.005,ISAV0,n1000,fp0.001,fn0.05,na0.05,d0,l1000000,treeqmcbip_v1.0.0_n2_wrootx_wmuts,1000,99,159,18,78,0.048144
simNo10,s100,m300,h1,minVAF0.005,ISAV0,n1000,fp0.001,fn0.2,na0.05,d0,l1000000,treeqmcbip_v1.0.0_n2_wrootx_wmuts,1000,99,192,60,153,0.106820
simNo10,s100,m300,h1,minVAF0.005,ISAV0,n300,fp0.001,fn0.05,na0.05,d0,l1000000,treeqmcbip_v1.0.0_n2_wrootx_wmuts,300,81,107,4,30,0.057239
simNo10,s100,m300,h1,minVAF0.005,ISAV0,n300,fp0.001,fn0.2,na0.05,d0,l1000000,treeqmcbip_v1.0.0_n2_wrootx_wmuts,300,81,129,34,82,0.195286
simNo1,s100,m1000,h1,minVAF0.005,ISAV0,n300,fp0.001,fn0.05,na0.05,d0,l1000000,treeqmcbip_v1.0.0_n2_wrootx_wmuts,300,88,152,1,65,0.111111
simNo1,s100,m1000,h1,minVAF0.005,ISAV0,n300,fp0.001,fn0.2,na0.05,d0,l1000000,treeqmcbip_v1.0.0_n2_wrootx_wmuts,300,88,163,5,80,0.143098
simNo1,s100,m300,h1,minVAF0.005,ISAV0,n1000,fp0.001,fn0.05,na0.05,d0,l1000000,treeqmcbip_v1.0.0_n2_wrootx_wmuts,1000,99,168,20,89,0.054664
simNo1,s100,m300,h1,minVAF0.005,ISAV0,n1000,fp0.001,fn0.2,na0.05,d0,l1000000,treeqmcbip_v1.0.0_n2_wrootx_wmuts,1000,99,188,61,150,0.105817
simNo1,s100,m300,h1,minVAF0.005,ISAV0,n300,fp0.001,fn0.05,na0.05,d0,l1000000,treeqmcbip_v1.0.0_n2_wrootx_wmuts,300,84,112,9,37,0.077441
simNo1,s100,m300,h1,minVAF0.005,ISAV0,n300,fp0.001,fn0.2,na0.05,d0,l1000000,treeqmcbip_v1.0.0_n2_wrootx_wmuts,300,84,128,29,73,0.171717
simNo2,s100,m1000,h1,minVAF0.005,ISAV0,n300,fp0.001,fn0.05,na0.05,d0,l1000000,treeqmcbip_v1.0.0_n2_wrootx_wmuts,300,84,157,0,73,0.122896
simNo2,s100,m1000,h1,minVAF0.005,ISAV0,n300,fp0.001,fn0.2,na0.05,d0,l1000000,treeqmcbip_v1.0.0_n2_wrootx_wmuts,300,84,177,3,96,0.166667
simNo2,s100,m300,h1,minVAF0.005,ISAV0,n1000,fp0.001,fn0.05,na0.05,d0,l1000000,treeqmcbip_v1.0.0_n2_wrootx_wmuts,1000,99,173,17,91,0.054162
simNo2,s100,m300,h1,minVAF0.005,ISAV0,n1000,fp0.001,fn0.2,na0.05,d0,l1000000,treeqmcbip_v1.0.0_n2_wrootx_wmuts,1000,99,194,59,154,0.106820
simNo2,s100,m300,h1,minVAF0.005,ISAV0,n300,fp0.001,fn0.05,na0.05,d0,l1000000,treeqmcbip_v1.0.0_n2_wrootx_wmuts,300,86,112,4,30,0.057239
simNo2,s100,m300,h1,minVAF0.005,ISAV0,n300,fp0.001,fn0.2,na0.05,d0,l1000000,treeqmcbip_v1.0.0_n2_wrootx_wmuts,300,86,130,34,78,0.188552
simNo3,s100,m1000,h1,minVAF0.005,ISAV0,n300,fp0.001,fn0.05,na0.05,d0,l1000000,treeqmcbip_v1.0.0_n2_wrootx_wmuts,300,90,156,0,66,0.111111
simNo3,s100,m1000,h1,minVAF0.005,ISAV0,n300,fp0.001,fn0.2,na0.05,d0,l1000000,treeqmcbip_v1.0.0_n2_wrootx_wmuts,300,90,161,0,71,0.119529
simNo3,s100,m300,h1,minVAF0.005,ISAV0,n1000,fp0.001,fn0.05,na0.05,d0,l1000000,treeqmcbip_v1.0.0_n2_wrootx_wmuts,1000,98,165,16,83,0.049649
simNo3,s100,m300,h1,minVAF0.005,ISAV0,n1000,fp0.001,fn0.2,na0.05,d0,l1000000,treeqmcbip_v1.0.0_n2_wrootx_wmuts,1000,98,198,62,162,0.112337
simNo3,s100,m300,h1,minVAF0.005,ISAV0,n300,fp0.001,fn0.05,na0.05,d0,l1000000,treeqmcbip_v1.0.0_n2_wrootx_wmuts,300,88,114,9,35,0.074074
simNo3,s100,m300,h1,minVAF0.005,ISAV0,n300,fp0.001,fn0.2,na0.05,d0,l1000000,treeqmcbip_v1.0.0_n2_wrootx_wmuts,300,88,131,31,74,0.176768
simNo4,s100,m1000,h1,minVAF0.005,ISAV0,n300,fp0.001,fn0.05,na0.05,d0,l1000000,treeqmcbip_v1.0.0_n2_wrootx_wmuts,300,85,149,0,64,0.107744
simNo4,s100,m1000,h1,minVAF0.005,ISAV0,n300,fp0.001,fn0.2,na0.05,d0,l1000000,treeqmcbip_v1.0.0_n2_wrootx_wmuts,300,85,170,6,91,0.163300
simNo4,s100,m300,h1,minVAF0.005,ISAV0,n1000,fp0.001,fn0.05,na0.05,d0,l1000000,treeqmcbip_v1.0.0_n2_wrootx_wmuts,1000,98,171,9,82,0.045637
simNo4,s100,m300,h1,minVAF0.005,ISAV0,n1000,fp0.001,fn0.2,na0.05,d0,l1000000,treeqmcbip_v1.0.0_n2_wrootx_wmuts,1000,98,197,57,156,0.106820
simNo4,s100,m300,h1,minVAF0.005,ISAV0,n300,fp0.001,fn0.05,na0.05,d0,l1000000,treeqmcbip_v1.0.0_n2_wrootx_wmuts,300,86,113,6,33,0.065657
simNo4,s100,m300,h1,minVAF0.005,ISAV0,n300,fp0.001,fn0.2,na0.05,d0,l1000000,treeqmcbip_v1.0.0_n2_wrootx_wmuts,300,86,132,28,74,0.171717
simNo5,s100,m1000,h1,minVAF0.005,ISAV0,n300,fp0.001,fn0.05,na0.05,d0,l1000000,treeqmcbip_v1.0.0_n2_wrootx_wmuts,300,85,146,0,61,0.102694
simNo5,s100,m1000,h1,minVAF0.005,ISAV0,n300,fp0.001,fn0.2,na0.05,d0,l1000000,treeqmcbip_v1.0.0_n2_wrootx_wmuts,300,85,168,7,90,0.163300
simNo5,s100,m300,h1,minVAF0.005,ISAV0,n1000,fp0.001,fn0.05,na0.05,d0,l1000000,treeqmcbip_v1.0.0_n2_wrootx_wmuts,1000,99,177,14,92,0.053159
simNo5,s100,m300,h1,minVAF0.005,ISAV0,n1000,fp0.001,fn0.2,na0.05,d0,l1000000,treeqmcbip_v1.0.0_n2_wrootx_wmuts,1000,99,202,59,162,0.110832
simNo5,s100,m300,h1,minVAF0.005,ISAV0,n300,fp0.001,fn0.05,na0.05,d0,l1000000,treeqmcbip_v1.0.0_n2_wrootx_wmuts,300,92,125,3,36,0.065657
simNo5,s100,m300,h1,minVAF0.005,ISAV0,n300,fp0.001,fn0.2,na0.05,d0,l1000000,treeqmcbip_v1.0.0_n2_wrootx_wmuts,300,91,131,31,71,0.171717
simNo6,s100,m1000,h1,minVAF0.005,ISAV0,n300,fp0.001,fn0.05,na0.05,d0,l1000000,treeqmcbip_v1.0.0_n2_wrootx_wmuts,300,83,154,0,71,0.119529
simNo6,s100,m1000,h1,minVAF0.005,ISAV0,n300,fp0.001,fn0.2,na0.05,d0,l1000000,treeqmcbip_v1.0.0_n2_wrootx_wmuts,300,83,175,4,96,0.168350
simNo6,s100,m300,h1,minVAF0.005,ISAV0,n1000,fp0.001,fn0.05,na0.05,d0,l1000000,treeqmcbip_v1.0.0_n2_wrootx_wmuts,1000,99,169,21,91,0.056169
simNo6,s100,m300,h1,minVAF0.005,ISAV0,n1000,fp0.001,fn0.2,na0.05,d0,l1000000,treeqmcbip_v1.0.0_n2_wrootx_wmuts,1000,99,204,65,170,0.117854
simNo6,s100,m300,h1,minVAF0.005,ISAV0,n300,fp0.001,fn0.05,na0.05,d0,l1000000,treeqmcbip_v1.0.0_n2_wrootx_wmuts,300,85,114,6,35,0.069024
simNo6,s100,m300,h1,minVAF0.005,ISAV0,n300,fp0.001,fn0.2,na0.05,d0,l1000000,treeqmcbip_v1.0.0_n2_wrootx_wmuts,300,85,141,26,82,0.181818
simNo7,s100,m1000,h1,minVAF0.005,ISAV0,n300,fp0.001,fn0.05,na0.05,d0,l1000000,treeqmcbip_v1.0.0_n2_wrootx_wmuts,300,85,154,0,69,0.116162
simNo7,s100,m1000,h1,minVAF0.005,ISAV0,n300,fp0.001,fn0.2,na0.05,d0,l1000000,treeqmcbip_v1.0.0_n2_wrootx_wmuts,300,85,177,4,96,0.168350
simNo7,s100,m300,h1,minVAF0.005,ISAV0,n1000,fp0.001,fn0.05,na0.05,d0,l1000000,treeqmcbip_v1.0.0_n2_wrootx_wmuts,1000,99,172,10,83,0.046640
simNo7,s100,m300,h1,minVAF0.005,ISAV0,n1000,fp0.001,fn0.2,na0.05,d0,l1000000,treeqmcbip_v1.0.0_n2_wrootx_wmuts,1000,99,189,71,161,0.116349
simNo7,s100,m300,h1,minVAF0.005,ISAV0,n300,fp0.001,fn0.05,na0.05,d0,l1000000,treeqmcbip_v1.0.0_n2_wrootx_wmuts,300,84,108,11,35,0.077441
simNo7,s100,m300,h1,minVAF0.005,ISAV0,n300,fp0.001,fn0.2,na0.05,d0,l1000000,treeqmcbip_v1.0.0_n2_wrootx_wmuts,300,84,126,24,66,0.151515
simNo8,s100,m1000,h1,minVAF0.005,ISAV0,n300,fp0.001,fn0.05,na0.05,d0,l1000000,treeqmcbip_v1.0.0_n2_wrootx_wmuts,300,90,157,0,67,0.112795
simNo8,s100,m1000,h1,minVAF0.005,ISAV0,n300,fp0.001,fn0.2,na0.05,d0,l1000000,treeqmcbip_v1.0.0_n2_wrootx_wmuts,300,90,176,6,92,0.164983
simNo8,s100,m300,h1,minVAF0.005,ISAV0,n1000,fp0.001,fn0.05,na0.05,d0,l1000000,treeqmcbip_v1.0.0_n2_wrootx_wmuts,1000,99,176,13,90,0.051655
simNo8,s100,m300,h1,minVAF0.005,ISAV0,n1000,fp0.001,fn0.2,na0.05,d0,l1000000,treeqmcbip_v1.0.0_n2_wrootx_wmuts,1000,99,196,57,154,0.105817
simNo8,s100,m300,h1,minVAF0.005,ISAV0,n300,fp0.001,fn0.05,na0.05,d0,l1000000,treeqmcbip_v1.0.0_n2_wrootx_wmuts,300,86,120,7,41,0.080808
simNo8,s100,m300,h1,minVAF0.005,ISAV0,n300,fp0.001,fn0.2,na0.05,d0,l1000000,treeqmcbip_v1.0.0_n2_wrootx_wmuts,300,86,132,30,76,0.178451
simNo9,s100,m1000,h1,minVAF0.005,ISAV0,n300,fp0.001,fn0.05,na0.05,d0,l1000000,treeqmcbip_v1.0.0_n2_wrootx_wmuts,300,86,144,0,58,0.097643
simNo9,s100,m1000,h1,minVAF0.005,ISAV0,n300,fp0.001,fn0.2,na0.05,d0,l1000000,treeqmcbip_v1.0.0_n2_wrootx_wmuts,300,86,169,3,86,0.149832
simNo9,s100,m300,h1,minVAF0.005,ISAV0,n1000,fp0.001,fn0.05,na0.05,d0,l1000000,treeqmcbip_v1.0.0_n2_wrootx_wmuts,1000,99,166,16,83,0.049649
simNo9,s100,m300,h1,minVAF0.005,ISAV0,n1000,fp0.001,fn0.2,na0.05,d0,l1000000,treeqmcbip_v1.0.0_n2_wrootx_wmuts,1000,99,192,64,157,0.110832
simNo9,s100,m300,h1,minVAF0.005,ISAV0,n300,fp0.001,fn0.05,na0.05,d0,l1000000,treeqmcbip_v1.0.0_n2_wrootx_wmuts,300,86,117,6,37,0.072391
simNo9,s100,m300,h1,minVAF0.005,ISAV0,n300,fp0.001,fn0.2,na0.05,d0,l1000000,treeqmcbip_v1.0.0_n2_wrootx_wmuts,300,86,140,21,75,0.161616
